cur_dev_s,horizon_s,hour_sin,hour_cos,speed_last,speed_mean,speed_std,speed_trend,stopped_fraction,idle_s,age_s,observations,distance_m,required_kmh,missing_gps
0.0,720.0,0.9762960071199334,0.2164396139381029,0.0,0.2222222222222222,0.5115939748098373,0.06075448198275507,0.9555555555555556,14.0,8.0,45.0,38.518897137983046,0.19259448568991525,0.0
0.0,660.0,0.9807852804032304,0.19509032201612833,0.0,0.3181818181818182,0.6314747267931731,0.007269208349683974,0.9090909090909091,74.0,6.0,44.0,756.8769749015626,4.128419863099432,0.0
0.0,720.0,0.984807753012208,0.17364817766693041,0.0,0.2857142857142857,0.5890150893739515,0.006658290907339881,0.9285714285714286,154.0,2.0,42.0,1536.896324979799,7.6844816248989956,0.0
0.0,720.0,0.9883615104677607,0.1521233861899168,12.0,3.1136363636363638,5.023652732510429,1.236121736798362,0.6590909090909091,0.0,6.0,44.0,2165.01553361362,10.825077668068099,0.0
0.0,660.0,0.9914448613738104,0.1305261922200517,0.0,10.488888888888889,8.616836806114518,1.7384354843883594,0.2222222222222222,0.0,6.0,45.0,2887.0813641983154,15.747716531990813,0.0
0.0,900.0,0.9914448613738104,0.1305261922200517,0.0,25.1125,19.709765187591657,-0.264977080670903,0.275,50.0,2.0,80.0,138.39574363459593,0.5535829745383838,0.0
-97.0,660.0,0.9914448613738104,0.1305261922200517,15.0,18.30188679245283,9.83368278900287,0.37909943332558305,0.018867924528301886,0.0,1.0,53.0,2330.5343080528596,12.712005316651963,0.0
0.0,720.0,0.9940563382223196,0.10886687485196474,0.0,11.49367088607595,17.86296176394865,-3.969795015315553,0.6582278481012658,342.0,10.0,79.0,228.7833285780289,1.1439166428901444,0.0
5.0,660.0,0.9940563382223196,0.10886687485196474,2.0,4.111111111111111,5.858411700650697,-8.59713684031397,0.5555555555555556,0.0,3.0,9.0,5436.587218273255,29.654112099672297,0.0
0.0,660.0,0.9940563382223196,0.10886687485196474,10.0,13.727272727272727,9.61382441251715,-0.2894479538650858,0.11363636363636363,0.0,6.0,44.0,4124.9047782979,22.499480608897635,0.0
-51.0,720.0,0.9940563382223196,0.10886687485196474,13.0,17.660714285714285,8.379986331633683,-0.742225379893889,0.0,0.0,1.0,56.0,1246.446283729621,6.232231418648105,0.0
0.0,660.0,0.9961946980917455,0.08715574274765814,0.0,0.11392405063291139,0.31771899741800336,-0.008594732498210552,1.0,586.0,0.0,79.0,1949.1462404857862,10.631706766286106,0.0
22.0,660.0,0.9961946980917455,0.08715574274765814,59.0,18.41269841269841,20.873492661583306,6.341932738943859,0.4126984126984127,0.0,5.0,63.0,5725.835807205598,31.2318316756669,0.0
0.0,660.0,0.9961946980917455,0.08715574274765814,37.0,16.977777777777778,12.335114986427774,2.388706693627963,0.13333333333333333,0.0,8.0,45.0,4966.621181646551,27.09066099079937,0.0
5.0,660.0,0.9961946980917455,0.08715574274765814,15.0,17.983050847457626,8.916736359369345,0.530065125888017,0.01694915254237288,0.0,1.0,59.0,876.144351736582,4.7789691912904475,0.0
28.0,720.0,0.9978589232386035,0.06540312923014327,6.0,25.301724137931036,22.218437446062445,2.6033508246305215,0.27586206896551724,0.0,7.0,116.0,4615.754182747927,23.078770913739636,0.0
0.0,660.0,0.9978589232386035,0.06540312923014327,29.0,20.869565217391305,12.195167780816648,0.02218394078668784,0.10869565217391304,0.0,10.0,46.0,5095.669099164473,27.794558722715305,0.0
46.0,660.0,0.9978589232386035,0.06540312923014327,10.0,16.67241379310345,11.55554491625271,-1.0271545633165404,0.1206896551724138,0.0,1.0,58.0,1801.0217605653847,9.823755057629372,0.0
-32.0,660.0,0.9978589232386035,0.06540312923014327,27.0,0.9473684210526315,4.468882872421678,0.5219529798953036,0.9473684210526315,0.0,2.0,76.0,3092.8268770021127,16.869964783647887,0.0
0.0,660.0,0.9990482215818578,0.04361938736533601,14.0,24.416666666666668,13.669969113189524,1.0432436794847437,0.08333333333333333,0.0,10.0,48.0,4827.411840619633,26.331337312470726,0.0
24.0,660.0,0.9990482215818578,0.04361938736533601,18.0,9.974358974358974,12.37861509897506,3.2804419702680576,0.5128205128205128,0.0,4.0,78.0,2779.216782628961,15.159364268885241,0.0
93.0,660.0,0.9990482215818578,0.04361938736533601,0.0,22.875,19.174675969345916,-2.1044053258663666,0.19852941176470587,8.0,5.0,136.0,4346.657298753867,23.709039811384727,0.0
6.0,720.0,0.9990482215818578,0.04361938736533601,46.0,14.193548387096774,12.28799402206757,0.8226366014236177,0.1935483870967742,0.0,9.0,62.0,1744.7586238177107,8.723793119088553,0.0
0.0,780.0,0.9990482215818578,0.04361938736533601,0.0,0.0,0.0,0.0,1.0,210.0,10.0,15.0,32.53190076013354,0.1501472342775394,0.0
-7.0,660.0,0.9997620270799091,0.021814885034560937,16.0,15.721311475409836,11.10623978736541,0.608743783811973,0.11475409836065574,0.0,9.0,61.0,1479.6641641899685,8.070895441036193,0.0
40.0,660.0,0.9997620270799091,0.021814885034560937,33.0,21.65648854961832,16.98709478387737,0.8714317920705138,0.20610687022900764,0.0,7.0,131.0,3883.3649810090014,21.181990805503645,0.0
0.0,720.0,0.9997620270799091,0.021814885034560937,9.0,28.727272727272727,13.493034627950616,0.16331851999603667,0.045454545454545456,0.0,64.0,44.0,5130.09472968806,25.650473648440304,0.0
-7.0,660.0,0.9997620270799091,0.021814885034560937,16.0,17.55,10.889100054641798,0.43942901837323045,0.125,0.0,2.0,80.0,2026.773521853348,11.055128301018263,0.0
0.0,660.0,0.9997620270799091,0.021814885034560937,0.0,0.0,0.0,0.0,1.0,514.0,6.0,36.0,893.8428661416552,4.8755065425908475,0.0
25.0,660.0,1.0,6.123233995736766e-17,10.0,26.96551724137931,19.835935273657686,-0.9788387042044131,0.23275862068965517,0.0,1.0,116.0,27.787779706926997,0.1515697074923291,0.0
0.0,660.0,1.0,6.123233995736766e-17,9.0,29.0,13.396778874435688,1.7019107226288743,0.05263157894736842,0.0,364.0,19.0,6360.886398367551,34.69574399109573,0.0
-109.0,660.0,1.0,6.123233995736766e-17,8.0,15.126760563380282,10.149487709912064,-0.7849029123064479,0.15492957746478872,0.0,0.0,71.0,1014.6532587124805,5.534472320249893,0.0
0.0,660.0,0.9997620270799091,-0.02181488503456081,0.0,0.0,0.0,0.0,0.0,0.0,5.0,0.0,-1.0,-1.0,1.0
10.0,660.0,0.9997620270799091,-0.02181488503456081,22.0,22.026785714285715,19.378494994188685,-2.3896967110054943,0.25892857142857145,0.0,1.0,112.0,3408.998246154147,18.59453588811353,0.0
0.0,660.0,0.9990482215818578,-0.04361938736533589,0.0,0.0,0.0,0.0,0.0,0.0,5.0,0.0,-1.0,-1.0,1.0
20.0,660.0,0.9990482215818578,-0.04361938736533589,31.0,15.446280991735538,14.747433122060215,-0.5723852430267239,0.2809917355371901,0.0,7.0,121.0,4133.268887191536,22.545103021044742,0.0
-34.0,900.0,0.9978589232386035,-0.06540312923014314,0.0,10.113924050632912,9.474799809878288,-1.8259179896804012,0.3670886075949367,256.0,4.0,79.0,97.99326327293899,0.39197305309175595,0.0
136.0,660.0,0.9978589232386035,-0.06540312923014314,47.0,13.845588235294118,14.599999333436019,-0.4548042293701346,0.3382352941176471,0.0,3.0,136.0,4378.054697038144,23.88029834748078,0.0
0.0,660.0,0.9978589232386035,-0.06540312923014314,0.0,0.0,0.0,0.0,0.0,0.0,5.0,0.0,-1.0,-1.0,1.0
0.0,660.0,0.9961946980917455,-0.08715574274765801,0.0,0.0,0.0,0.0,0.0,0.0,5.0,0.0,-1.0,-1.0,1.0
-34.0,720.0,0.9961946980917455,-0.08715574274765801,0.0,1.6,4.089009660052175,-0.5816931135430818,0.84,150.0,4.0,50.0,334.45219407900333,1.6722609703950166,0.0
11.0,660.0,0.9961946980917455,-0.08715574274765801,0.0,21.691176470588236,19.776514110950465,2.7927967225290002,0.27205882352941174,0.0,0.0,136.0,4983.837077258175,27.18456587595368,0.0
-34.0,660.0,0.9940563382223196,-0.10886687485196461,0.0,0.16279069767441862,0.8049334092965944,-0.05786088774555166,0.9534883720930233,450.0,4.0,43.0,1123.6005117465745,6.128730064072225,0.0
0.0,720.0,0.9940563382223196,-0.10886687485196461,0.0,0.0,0.0,0.0,0.0,0.0,5.0,0.0,-1.0,-1.0,1.0
-8.0,720.0,0.9940563382223196,-0.10886687485196461,0.0,25.316176470588236,18.697948222560786,-1.7304600266599792,0.17647058823529413,0.0,3.0,136.0,5700.472439262481,28.502362196312408,0.0
21.0,660.0,0.9914448613738104,-0.1305261922200516,0.0,0.0,0.0,0.0,1.0,586.0,4.0,41.0,975.9845559139288,5.323552123166884,0.0
135.0,780.0,0.9914448613738104,-0.1305261922200516,39.0,15.584615384615384,10.105432366485338,1.038594881727095,0.15384615384615385,0.0,8.0,65.0,2285.614735600664,10.54899108738768,0.0
28.0,660.0,0.9914448613738104,-0.1305261922200516,28.0,13.365384615384615,10.13946752917272,0.5153613718658103,0.11538461538461539,0.0,11.0,52.0,1686.5676430300934,9.199459871073238,0.0
0.0,720.0,0.9914448613738104,-0.1305261922200516,0.0,0.5609756097560976,1.9133520641419697,-0.22708567455411344,0.926829268292683,466.0,3.0,41.0,33.11865577825744,0.16559327889128722,0.0
0.0,660.0,0.9914448613738104,-0.1305261922200516,0.0,0.0,0.0,0.0,0.0,0.0,5.0,0.0,-1.0,-1.0,1.0
0.0,660.0,0.9883615104677607,-0.1521233861899167,0.0,0.0,0.0,0.0,0.0,0.0,5.0,0.0,-1.0,-1.0,1.0
-13.0,720.0,0.9883615104677607,-0.1521233861899167,21.0,15.865384615384615,11.202727769050519,0.3311420999586363,0.11538461538461539,0.0,9.0,52.0,1936.5771348279054,9.682885674139527,0.0
36.0,660.0,0.9883615104677607,-0.1521233861899167,29.0,7.051724137931035,10.381386549133058,2.2864435084362102,0.5517241379310345,0.0,4.0,58.0,2555.5306016768964,13.939257827328525,0.0
125.0,720.0,0.9883615104677607,-0.1521233861899167,31.0,18.81111111111111,12.180945451760525,0.7694497823622716,0.16666666666666666,0.0,4.0,90.0,613.2552650071545,3.0662763250357727,0.0
0.0,720.0,0.9883615104677607,-0.1521233861899167,0.0,0.0,0.0,0.0,1.0,584.0,3.0,40.0,1030.104334596988,5.150521672984941,0.0
99.0,780.0,0.9883615104677607,-0.1521233861899167,53.0,23.99145299145299,20.089328598284254,0.9583538926497055,0.26495726495726496,0.0,3.0,117.0,1222.6500857450396,5.643000395746337,0.0
0.0,720.0,0.984807753012208,-0.1736481776669303,0.0,0.0,0.0,0.0,1.0,584.0,3.0,40.0,1972.1317759908475,9.860658879954238,0.0
103.0,660.0,0.984807753012208,-0.1736481776669303,16.0,17.796296296296298,10.249443760209136,-0.15759522078838492,0.07407407407407407,0.0,11.0,54.0,1200.6874118001328,6.549204064364361,0.0
112.0,660.0,0.984807753012208,-0.1736481776669303,0.0,13.395061728395062,11.268528240187061,1.159652141271186,0.2345679012345679,0.0,6.0,81.0,3499.6707781146215,19.089113335170666,0.0
0.0,660.0,0.984807753012208,-0.1736481776669303,27.0,24.428571428571427,16.125464714075623,1.7961737204264057,0.14285714285714285,0.0,6.0,28.0,5262.366643739674,28.703818056761857,0.0
111.0,720.0,0.984807753012208,-0.1736481776669303,11.0,16.402173913043477,12.51004794642803,-1.1381199455489674,0.2391304347826087,0.0,0.0,92.0,1948.7223047564225,9.743611523782112,0.0
58.0,780.0,0.984807753012208,-0.1736481776669303,5.0,23.8503937007874,18.413910669496914,-2.001200109071243,0.15748031496062992,0.0,1.0,127.0,937.9752737554319,4.329116648101993,0.0
179.0,840.0,0.9807852804032304,-0.1950903220161282,0.0,10.078947368421053,10.847948093502989,-1.7397339740342888,0.4342105263157895,194.0,2.0,76.0,2747.6189058050186,11.775509596307224,0.0
82.0,900.0,0.9807852804032304,-0.1950903220161282,12.0,14.443037974683545,11.04965413908936,-0.03703950042414975,0.17721518987341772,0.0,4.0,79.0,2983.102613933239,11.932410455732956,0.0
75.0,660.0,0.9807852804032304,-0.1950903220161282,1.0,18.61111111111111,11.261893575841508,-0.29353610870657365,0.1111111111111111,21.0,7.0,54.0,1133.0016429845643,6.1800089617339875,0.0
58.0,660.0,0.9807852804032304,-0.1950903220161282,0.0,14.77659574468085,15.621966432544797,-3.5030655455259954,0.3617021276595745,284.0,1.0,94.0,2427.8886862233376,13.243029197581842,0.0
0.0,660.0,0.9807852804032304,-0.1950903220161282,16.0,24.134615384615383,14.398222174113995,0.29318772411380717,0.11538461538461539,0.0,10.0,52.0,4564.917571060605,24.8995503876033,0.0
59.0,720.0,0.9807852804032304,-0.1950903220161282,8.0,4.744186046511628,8.723379501023388,1.9949927826941884,0.6976744186046512,0.0,8.0,43.0,1917.3456239449977,9.58672811972499,0.0
0.0,660.0,0.9762960071199334,-0.2164396139381028,39.0,24.06122448979592,12.946370010926167,0.5003355488569472,0.061224489795918366,0.0,0.0,49.0,3380.8410741332227,18.440951313453944,0.0
4.0,660.0,0.9762960071199334,-0.2164396139381028,3.0,19.24590163934426,13.212830001406319,-0.3934555965444114,0.13114754098360656,0.0,0.0,61.0,2140.7357449131546,11.676740426799025,0.0
215.0,660.0,0.9762960071199334,-0.2164396139381028,22.0,0.9387755102040817,3.8619449644949637,0.5101655353325298,0.9387755102040817,0.0,0.0,49.0,5422.037977076318,29.574752602234465,0.0
140.0,660.0,0.9762960071199334,-0.2164396139381028,18.0,9.67142857142857,10.096281392630837,0.573757934591175,0.4142857142857143,0.0,8.0,70.0,2621.58046169538,14.299529791065709,0.0
19.0,720.0,0.9762960071199334,-0.2164396139381028,17.0,15.012820512820513,12.524328724264043,1.2265398604587852,0.20512820512820512,0.0,6.0,78.0,1454.9321506218655,7.274660753109327,0.0
73.0,660.0,0.9762960071199334,-0.2164396139381028,24.0,10.288461538461538,10.71723367446731,1.0290364476747713,0.3269230769230769,0.0,12.0,52.0,844.7892604103181,4.607941420419917,0.0
29.0,660.0,0.9713420698132614,-0.23768589232617318,0.0,13.96551724137931,11.945227754704876,0.6646849254428847,0.22413793103448276,14.0,0.0,58.0,1940.8109594257755,10.586241596867866,0.0
143.0,660.0,0.9713420698132614,-0.23768589232617318,28.0,9.569444444444445,13.629855290754689,2.880793507310459,0.5277777777777778,0.0,0.0,72.0,6368.16278620219,34.73543337928467,0.0
-64.0,660.0,0.9713420698132614,-0.23768589232617318,12.0,18.9125,14.80219050512457,0.21350321596722308,0.1875,0.0,2.0,80.0,1966.7965406073974,10.727981130585805,0.0
146.0,720.0,0.9713420698132614,-0.23768589232617318,31.0,13.792682926829269,10.310706967408068,0.3686303633638385,0.21951219512195122,0.0,2.0,82.0,3038.5128655094204,15.192564327547101,0.0
0.0,660.0,0.9713420698132614,-0.23768589232617318,24.0,25.170212765957448,14.033878687610223,0.10560183149177113,0.0425531914893617,0.0,10.0,47.0,2287.305571410189,12.476212207691939,0.0
-25.0,720.0,0.9713420698132614,-0.23768589232617318,0.0,17.21311475409836,13.401877473193956,-0.6852658924447531,0.13114754098360656,18.0,6.0,61.0,1377.4851058267527,6.887425529133764,0.0
47.0,720.0,0.9659258262890683,-0.25881904510252063,16.0,14.0,11.393920684796282,-0.9114988858180285,0.23214285714285715,0.0,2.0,56.0,1994.7554973055821,9.973777486527911,0.0
215.0,660.0,0.9659258262890683,-0.25881904510252063,24.0,18.238938053097346,18.140198521848976,1.1484143909866915,0.3008849557522124,0.0,2.0,113.0,5612.625291166028,30.614319769996513,0.0
60.0,720.0,0.9659258262890683,-0.25881904510252063,17.0,15.072727272727272,11.477811868525125,0.661327160297439,0.16363636363636364,0.0,6.0,55.0,1545.7868903708118,7.728934451854058,0.0
-86.0,660.0,0.9659258262890683,-0.25881904510252063,0.0,16.9375,16.479034976296397,-5.181323774396147,0.3125,114.0,172.0,48.0,2930.3704212386947,15.983838661301972,0.0
41.0,660.0,0.9600498543859287,-0.2798290140309919,14.0,12.542372881355933,10.271438157680803,0.5443249126513807,0.2542372881355932,0.0,0.0,59.0,1477.7532459524882,8.060472250649937,0.0
-118.0,660.0,0.9600498543859287,-0.2798290140309919,25.0,12.0,11.822328106615258,2.857473711127279,0.37209302325581395,0.0,2.0,43.0,2376.707502649682,12.9638591053619,0.0
0.0,840.0,0.9600498543859287,-0.2798290140309919,12.0,16.133333333333333,11.224180247226174,-0.029593037090163327,0.13333333333333333,0.0,0.0,45.0,549.9846704920453,2.357077159251623,0.0
276.0,720.0,0.9600498543859287,-0.2798290140309919,45.0,23.821428571428573,18.95305020952823,-0.03127485428607301,0.20714285714285716,0.0,2.0,140.0,4631.420993019238,23.15710496509619,0.0
-37.0,660.0,0.9600498543859287,-0.2798290140309919,0.0,15.321428571428571,10.40622606021638,-0.2678069361060797,0.19642857142857142,0.0,6.0,56.0,749.702219399048,4.089284833085716,0.0
-14.0,720.0,0.9537169507482269,-0.30070579950427295,3.0,13.384615384615385,10.29068631589123,0.2819126528156682,0.2,0.0,4.0,65.0,2280.8141232862563,11.404070616431282,0.0
49.0,660.0,0.9537169507482269,-0.30070579950427295,31.0,13.948275862068966,11.68173111550401,0.28465867605271844,0.2413793103448276,0.0,4.0,58.0,2293.957112692268,12.512493341957825,0.0
0.0,660.0,0.9537169507482269,-0.30070579950427295,0.0,12.695652173913043,10.081989031710894,-1.1438082604340172,0.1956521739130435,48.0,12.0,46.0,172.97945193602737,0.9435242832874221,0.0
319.0,660.0,0.9537169507482269,-0.30070579950427295,36.0,23.237762237762237,16.72565887857606,-0.8699003239492067,0.13286713286713286,0.0,16.0,143.0,4776.8186123979385,26.0553742494433,0.0
-41.0,660.0,0.9469301294951057,-0.3214394653031616,21.0,11.571428571428571,8.631456471322005,0.43648610174078034,0.18571428571428572,0.0,6.0,70.0,1389.7972176790847,7.580712096431372,0.0
0.0,660.0,0.9469301294951057,-0.3214394653031616,3.0,6.869565217391305,6.774660895258647,-1.0041760473035928,0.3695652173913043,0.0,4.0,46.0,1002.6819162836023,5.469174088819649,0.0
242.0,780.0,0.9469301294951057,-0.3214394653031616,0.0,18.31851851851852,17.55442409230847,-0.07821886668596457,0.25925925925925924,46.0,2.0,135.0,4094.5078055717568,18.89772833340811,0.0
0.0,720.0,0.9469301294951057,-0.3214394653031616,0.0,28.733333333333334,19.59296926053947,-2.3776594530667197,0.2222222222222222,60.0,6.0,45.0,36.747416793495695,0.18373708396747848,0.0
-32.0,660.0,0.9469301294951057,-0.3214394653031616,19.0,15.153846153846153,10.810224176471186,0.6181909711759862,0.17307692307692307,0.0,2.0,52.0,2956.3094745124145,16.12532440643135,0.0
7.0,660.0,0.9469301294951057,-0.3214394653031616,24.0,15.741379310344827,10.841428116938486,0.1933680638132264,0.15517241379310345,0.0,6.0,58.0,501.94308761621966,2.737871386997562,0.0
-9.0,660.0,0.9396926207859084,-0.3420201433256685,0.0,12.415094339622641,11.058052580716575,-1.5735307411160881,0.3018867924528302,134.0,6.0,53.0,1088.3825016986505,5.936631827447184,0.0
0.0,660.0,0.9396926207859084,-0.3420201433256685,0.0,9.976190476190476,15.807605305280378,-3.702435752531147,0.6666666666666666,356.0,10.0,42.0,1490.3907726643085,8.129404214532594,0.0
66.0,660.0,0.9396926207859084,-0.3420201433256685,0.0,2.2045454545454546,4.120787355561078,-0.32233470048358764,0.7045454545454546,206.0,4.0,44.0,1578.8456679373155,8.611885461476266,0.0
310.0,660.0,0.9396926207859084,-0.3420201433256685,11.0,16.66393442622951,20.466129818951895,0.7211696786959516,0.4180327868852459,0.0,2.0,122.0,1677.6907091084588,9.151040231500684,0.0
-103.0,720.0,0.9396926207859084,-0.3420201433256685,18.0,16.814814814814813,9.775392526122955,0.058770786204195645,0.14814814814814814,0.0,2.0,54.0,1114.7259539898585,5.573629769949292,0.0
-9.0,660.0,0.9320078692827986,-0.3624380382837016,0.0,4.162790697674419,8.545174709545597,-1.6996501268440471,0.7674418604651163,434.0,6.0,43.0,1127.325737077796,6.149049474969797,0.0
169.0,660.0,0.9320078692827986,-0.3624380382837016,9.0,3.2888888888888888,4.759188643372931,0.9593695808709808,0.6,0.0,8.0,45.0,2192.223343144174,11.957581871695496,0.0
229.0,660.0,0.9320078692827986,-0.3624380382837016,45.0,17.53488372093023,17.556573676262833,0.0038200087720581455,0.3023255813953488,0.0,0.0,129.0,1777.8675323200155,9.697459267200085,0.0
0.0,660.0,0.9320078692827986,-0.3624380382837016,3.0,0.5952380952380952,1.746554755723172,0.2657509624093084,0.8809523809523809,0.0,10.0,42.0,3033.6704988383176,16.547293630027188,0.0
-120.0,660.0,0.9320078692827986,-0.3624380382837016,15.0,15.241379310344827,12.153203557835797,-0.7228018113851599,0.27586206896551724,0.0,4.0,58.0,397.6745081057727,2.1691336805769423,0.0
90.0,660.0,0.9238795325112868,-0.3826834323650895,23.0,5.886363636363637,9.851663240034208,2.277779530489716,0.6363636363636364,0.0,12.0,44.0,4075.8713644418867,22.232025624228474,0.0
-6.0,660.0,0.9238795325112868,-0.3826834323650895,0.0,18.295454545454547,14.811818907171494,-0.6781407069502531,0.20454545454545456,0.0,11.0,44.0,1565.2670655149664,8.537820357354363,0.0
-4.0,900.0,0.9238795325112868,-0.3826834323650895,10.0,11.177215189873417,8.32832515214009,0.4979378485567316,0.21518987341772153,0.0,6.0,79.0,110.46531475099731,0.44186125900398926,0.0
-64.0,660.0,0.9238795325112868,-0.3826834323650895,1.0,6.5,9.718048990948553,2.2198881899639886,0.6190476190476191,0.0,6.0,42.0,1315.0528620013126,7.17301561091625,0.0
-96.0,660.0,0.9238795325112868,-0.3826834323650895,0.0,10.96078431372549,12.004836908045586,-1.5641974976487405,0.4117647058823529,104.0,4.0,51.0,888.102046926432,4.844192983235084,0.0
34.0,660.0,0.9153114791194472,-0.40274668985873713,28.0,12.254901960784315,10.08171152847221,0.5454871197414262,0.23529411764705882,0.0,6.0,51.0,1482.678765411984,8.087338720429004,0.0
39.0,660.0,0.9153114791194472,-0.40274668985873713,25.0,17.367346938775512,14.150349930844387,2.2300710299828226,0.2857142857142857,0.0,4.0,49.0,3229.0240407547026,17.61285840411656,0.0
71.0,660.0,0.9153114791194472,-0.40274668985873713,0.0,6.222222222222222,8.159218069531713,-0.801319872963989,0.4888888888888889,0.0,4.0,45.0,1773.7231887281605,9.674853756699058,0.0
0.0,780.0,0.9153114791194472,-0.40274668985873713,6.0,15.822222222222223,14.003632685666307,-0.7796965061875479,0.15555555555555556,0.0,12.0,45.0,1148.4290765302687,5.3004418916781635,0.0
-4.0,720.0,0.9153114791194472,-0.40274668985873713,0.0,8.028571428571428,8.49532884854365,-1.900596165247919,0.4142857142857143,270.0,4.0,70.0,411.09758079833404,2.0554879039916703,0.0
-4.0,660.0,0.90630778703665,-0.42261826174069933,0.0,0.41304347826086957,1.7013560698367969,-0.18604708061284736,0.9347826086956522,570.0,4.0,46.0,1193.4965909735386,6.509981405310211,0.0
133.0,720.0,0.90630778703665,-0.42261826174069933,8.0,7.891304347826087,8.36719333980238,0.9313057625484968,0.3695652173913043,0.0,4.0,46.0,3942.3878027259266,19.71193901362963,0.0
3.0,660.0,0.90630778703665,-0.42261826174069933,33.0,14.706896551724139,11.27250028974947,0.8800640821577095,0.1896551724137931,0.0,6.0,58.0,2119.4877623513157,11.560842340098086,0.0
-31.0,660.0,0.90630778703665,-0.42261826174069933,19.0,13.615384615384615,11.089069195442049,-0.7026058570194379,0.17307692307692307,0.0,0.0,52.0,443.9097688268766,2.421326011782963,0.0
-42.0,660.0,0.90630778703665,-0.42261826174069933,15.0,22.392156862745097,13.774199284756207,-0.597390277751831,0.09803921568627451,0.0,12.0,51.0,3164.4134882229455,17.260437208488796,0.0
139.0,660.0,0.8968727415326884,-0.44228869021900113,0.0,17.122448979591837,13.820470846199932,-1.5081002076740706,0.1836734693877551,16.0,8.0,49.0,3830.8533574504972,20.895563767911803,0.0
-73.0,660.0,0.8968727415326884,-0.44228869021900113,0.0,8.32,9.90038383094312,-1.8664076676365369,0.46,226.0,0.0,50.0,1315.037230359919,7.172930347417741,0.0
48.0,660.0,0.8968727415326884,-0.44228869021900113,0.0,0.0,0.0,0.0,1.0,578.0,10.0,41.0,955.9128879166976,5.214070297727441,0.0
82.0,660.0,0.8968727415326884,-0.44228869021900113,24.0,13.372549019607844,12.142876204676835,0.5968806622488289,0.2549019607843137,0.0,8.0,51.0,2343.134364457438,12.78073289704057,0.0
2.0,660.0,0.8968727415326884,-0.44228869021900113,18.0,16.76271186440678,11.175546827027283,-0.1449579349933008,0.13559322033898305,0.0,8.0,59.0,1326.6217292563176,7.236118523216278,0.0
179.0,720.0,0.8870108331782218,-0.4617486132350338,17.0,14.104166666666666,12.135072420010063,0.681344490580293,0.2916666666666667,0.0,1.0,48.0,5050.465482248498,25.25232741124249,0.0
161.0,720.0,0.8870108331782218,-0.4617486132350338,0.0,15.636363636363637,13.46424711646452,0.23769317788431354,0.2545454545454545,0.0,10.0,55.0,1880.738033933036,9.403690169665179,0.0
38.0,720.0,0.8870108331782218,-0.4617486132350338,8.0,18.473684210526315,11.33865498870605,1.2155589370357853,0.08771929824561403,0.0,8.0,57.0,667.315165697072,3.33657582848536,0.0
146.0,660.0,0.8870108331782218,-0.4617486132350338,4.0,1.8604651162790697,4.562646087365375,-0.7018761024455885,0.813953488372093,0.0,4.0,43.0,1640.961746231421,8.950700433989569,0.0
0.0,900.0,0.8870108331782218,-0.4617486132350338,71.0,14.720930232558139,21.18284253208994,5.828904093424519,0.37209302325581395,0.0,1.0,43.0,5351.431043910291,21.405724175641165,0.0
61.0,720.0,0.8870108331782218,-0.4617486132350338,20.0,5.637931034482759,7.417821680116231,1.4700609592340672,0.5517241379310345,0.0,10.0,58.0,2359.684605403927,11.798423027019636,0.0
114.0,660.0,0.8767267557075076,-0.48098876891938785,29.0,16.31578947368421,14.925731807545196,0.8412636549145571,0.2982456140350877,0.0,8.0,57.0,2090.3157004374525,11.401722002386105,0.0
0.0,720.0,0.8767267557075076,-0.48098876891938785,50.0,29.0,24.7001371290434,3.028596562795096,0.14516129032258066,0.0,7.0,62.0,2762.83686105265,13.81418430526325,0.0
108.0,660.0,0.8767267557075076,-0.48098876891938785,0.0,6.404255319148936,9.122475341722994,1.7920395518076306,0.5319148936170213,0.0,4.0,47.0,1812.9506915811423,9.888821954078958,0.0
46.0,660.0,0.8767267557075076,-0.48098876891938785,2.0,16.471698113207548,13.464984321446085,-0.7459743246945059,0.20754716981132076,0.0,10.0,53.0,1535.3280616984803,8.37451670017353,0.0
123.0,660.0,0.8767267557075076,-0.48098876891938785,23.0,10.594594594594595,8.286946620746747,0.40878056004477026,0.2702702702702703,0.0,4.0,74.0,3058.396632244785,16.682163448607916,0.0
67.0,660.0,0.8660254037844387,-0.4999999999999998,20.0,12.078947368421053,9.4057137700201,-0.5527366677642528,0.23684210526315788,0.0,0.0,76.0,3156.4450730169747,17.216973125547135,0.0
2.0,660.0,0.8660254037844387,-0.4999999999999998,22.0,22.02173913043478,13.584660675595748,-0.09162673818627962,0.08695652173913043,0.0,11.0,46.0,3310.387133799332,18.0566570934509,0.0
0.0,720.0,0.8660254037844387,-0.4999999999999998,18.0,30.098591549295776,20.963519574390272,-0.6267922058394289,0.14084507042253522,0.0,3.0,71.0,718.9780774823411,3.5948903874117053,0.0
28.0,780.0,0.8660254037844387,-0.4999999999999998,18.0,11.362068965517242,11.226044649742061,0.013423878518633104,0.29310344827586204,0.0,10.0,58.0,1857.7342694528634,8.574158166705525,0.0
61.0,660.0,0.8660254037844387,-0.4999999999999998,36.0,17.692307692307693,14.662272965700444,1.3326264759915811,0.23076923076923078,0.0,10.0,52.0,1660.1605169187371,9.055421001374931,0.0
99.0,660.0,0.8549118706729465,-0.5187732581605216,35.0,20.194444444444443,15.487126274648682,-2.136876895638032,0.19444444444444445,0.0,15.0,72.0,1203.79890817481,6.566175862771692,0.0
-51.0,660.0,0.8549118706729465,-0.5187732581605216,27.0,22.416666666666668,12.414429328630275,-0.9817656054323777,0.08333333333333333,0.0,1.0,48.0,2624.4526055609144,14.315196030332261,0.0
84.0,720.0,0.8549118706729465,-0.5187732581605216,16.0,13.033333333333333,10.488035511423904,0.6329398469865241,0.21666666666666667,0.0,10.0,60.0,1402.2050009077839,7.0110250045389195,0.0
35.0,720.0,0.8549118706729465,-0.5187732581605216,3.0,13.094594594594595,10.519183144371793,0.19301826542721887,0.1891891891891892,0.0,10.0,74.0,1955.025138530554,9.77512569265277,0.0
214.0,660.0,0.8549118706729465,-0.5187732581605216,12.0,15.962264150943396,11.698995706213326,-1.022152601951041,0.1509433962264151,0.0,10.0,53.0,914.7743749065011,4.989678408580915,0.0
253.0,660.0,0.8433914458128858,-0.5372996083468236,17.0,12.115384615384615,11.273955428593691,-0.727816147452248,0.34615384615384615,0.0,13.0,78.0,873.908306937235,4.766772583294009,0.0
109.0,660.0,0.8433914458128858,-0.5372996083468236,30.0,15.692307692307692,9.906366370902916,0.33564224796074277,0.11538461538461539,0.0,10.0,52.0,1425.8610844206146,7.777424096839716,0.0
320.0,660.0,0.8433914458128858,-0.5372996083468236,23.0,11.482142857142858,10.138313242752133,-0.6481722666901022,0.25,0.0,6.0,56.0,1841.02384568655,10.041948249199363,0.0
19.0,660.0,0.8433914458128858,-0.5372996083468236,24.0,16.38888888888889,11.452262701652208,0.38707175041850794,0.1527777777777778,0.0,10.0,72.0,1308.6882638055522,7.138299620757557,0.0
-80.0,660.0,0.8433914458128858,-0.5372996083468236,20.0,17.833333333333332,12.174654911833116,-1.7023474999933716,0.16666666666666666,0.0,3.0,48.0,1498.440773636185,8.173313310742827,0.0
236.0,660.0,0.8314696123025451,-0.5555702330196023,0.0,8.843137254901961,8.388536877307352,0.49455691160429627,0.27450980392156865,0.0,10.0,51.0,2572.863260116957,14.033799600637947,0.0
-19.0,660.0,0.8314696123025451,-0.5555702330196023,13.0,15.645833333333334,10.615416429524666,0.32943498208423444,0.125,0.0,1.0,48.0,964.9990770120525,5.26363132915665,0.0
156.0,660.0,0.8314696123025451,-0.5555702330196023,0.0,9.853333333333333,10.7240456710868,-0.12621713955588038,0.41333333333333333,0.0,13.0,75.0,19.756041990695138,0.10776022904015531,0.0
-32.0,660.0,0.8314696123025451,-0.5555702330196023,0.0,13.861538461538462,12.251062023761824,-2.2324042266946953,0.3230769230769231,124.0,6.0,65.0,2723.4692361316825,14.85528674253645,0.0
137.0,660.0,0.8191520442889917,-0.5735764363510462,0.0,10.935064935064934,11.327862056099429,0.698074258771068,0.35064935064935066,2.0,15.0,77.0,1423.5880913171425,7.7650259526389585,0.0
-56.0,720.0,0.8191520442889917,-0.5735764363510462,0.0,9.872340425531915,11.036914889002686,-2.3207908238893538,0.3829787234042553,0.0,13.0,47.0,2067.954095404509,10.339770477022546,0.0
-39.0,660.0,0.8191520442889917,-0.5735764363510462,0.0,8.7,10.344563789739999,-0.6125900395785908,0.48333333333333334,30.0,6.0,60.0,3114.3438586787956,16.987330138247977,0.0
17.0,660.0,0.8064446042674828,-0.5913096483635821,8.0,1.3611111111111112,3.1460096222373317,-0.2545900634718694,0.75,0.0,169.0,36.0,3032.088046455831,16.53866207157726,0.0
111.0,720.0,0.8064446042674828,-0.5913096483635821,1.0,12.661538461538461,11.533598975404155,0.48908312309402724,0.3076923076923077,0.0,6.0,65.0,2765.263843317079,13.826319216585395,0.0
-113.0,660.0,0.7933533402912352,-0.6087614290087207,8.0,1.2142857142857142,2.0416579897080647,2.1839660177308544,0.7142857142857143,0.0,469.0,14.0,4900.110800793588,26.727877095237755,0.0
26.0,660.0,0.7933533402912352,-0.6087614290087207,36.0,16.114285714285714,11.567865412602346,-0.42909708780772093,0.17142857142857143,0.0,6.0,70.0,1588.1214881888084,8.662480844666229,0.0
296.0,900.0,0.7933533402912352,-0.6087614290087207,28.0,12.129411764705882,9.565610260405721,0.26355625434940183,0.24705882352941178,0.0,5.0,85.0,863.0500623856509,3.4522002495426034,0.0
12.0,660.0,0.7933533402912352,-0.6087614290087207,8.0,18.568627450980394,15.068802861698625,1.5769137830709294,0.21568627450980393,0.0,15.0,51.0,2697.6492192974138,14.7144502870768,0.0
189.0,660.0,0.7933533402912352,-0.6087614290087207,25.0,14.785714285714286,10.95235507243319,0.21978123811427064,0.15476190476190477,0.0,0.0,84.0,2241.985506368584,12.22901185291955,0.0
-203.0,660.0,0.7798844830928817,-0.6259234721840591,0.0,0.0,0.0,0.0,0.0,0.0,6.0,0.0,-1.0,-1.0,1.0
120.0,720.0,0.7798844830928817,-0.6259234721840591,6.0,13.195121951219512,9.355367605493031,0.4474829004731895,0.17073170731707318,0.0,2.0,82.0,2176.0238405865734,10.880119202932867,0.0
284.0,720.0,0.7798844830928817,-0.6259234721840591,0.0,10.876404494382022,10.240720902379346,-0.39428175810820143,0.33707865168539325,0.0,8.0,89.0,65.31285215021985,0.3265642607510993,0.0
18.0,660.0,0.7798844830928817,-0.6259234721840591,5.0,20.235294117647058,13.273278826117071,-0.9670308290696051,0.11764705882352941,0.0,3.0,51.0,2450.7757055164557,13.367867484635214,0.0
57.0,660.0,0.7660444431189783,-0.642787609686539,11.0,15.943396226415095,11.377593163824024,-0.834351797737293,0.18867924528301888,0.0,3.0,53.0,2717.2470797698265,14.82134770783542,0.0
284.0,720.0,0.7660444431189783,-0.642787609686539,0.0,7.814814814814815,9.45047011844033,-0.8657741891240477,0.38271604938271603,14.0,1.0,81.0,957.5052021469438,4.7875260107347195,0.0
71.0,720.0,0.7660444431189783,-0.642787609686539,38.0,13.30952380952381,10.430011859642839,0.6014917524307701,0.17857142857142858,0.0,2.0,84.0,1853.8308055176024,9.269154027588012,0.0
-78.0,720.0,0.7660444431189783,-0.642787609686539,0.0,0.0,0.0,0.0,0.0,0.0,6.0,0.0,-1.0,-1.0,1.0
87.0,660.0,0.7518398074789774,-0.6593458151000688,0.0,3.9836065573770494,7.143704790953002,-1.2067791246183068,0.5737704918032787,314.0,1.0,61.0,1647.0378584963223,8.983842864525394,0.0
-49.0,720.0,0.7518398074789774,-0.6593458151000688,27.0,16.517241379310345,12.448848969518185,1.081632209150599,0.1896551724137931,0.0,5.0,58.0,3746.0762693348665,18.730381346674335,0.0
-46.0,720.0,0.7518398074789774,-0.6593458151000688,37.0,25.333333333333332,11.32352516764202,53.43195266272188,0.0,0.0,13.0,3.0,4239.639023522654,21.198195117613267,0.0
178.0,660.0,0.7372773368101241,-0.6755902076156602,2.0,4.290909090909091,7.843173586044519,1.3218735032187685,0.6363636363636364,0.0,1.0,55.0,882.3759583397773,4.812959772762421,0.0
7.0,720.0,0.7372773368101241,-0.6755902076156602,34.0,19.933333333333334,12.222747463461541,0.23186026101973212,0.16666666666666666,0.0,9.0,30.0,4755.5833000280545,23.77791650014027,0.0
76.0,660.0,0.7223639620597556,-0.6915130557822693,25.0,10.576923076923077,11.352757747845336,1.7065195807076514,0.3333333333333333,0.0,1.0,78.0,424.13184155657314,2.313446408490399,0.0
83.0,720.0,0.7223639620597556,-0.6915130557822693,32.0,18.12,12.957839326060498,0.11404687837458966,0.2,0.0,11.0,50.0,4384.218311951517,21.921091559757585,0.0
-16.0,780.0,0.6915130557822694,-0.7223639620597555,0.0,0.0,0.0,0.0,1.0,600.0,0.0,42.0,105.82919641969006,0.4884424450139541,0.0
-52.0,780.0,0.6915130557822694,-0.7223639620597555,2.0,8.6,10.423051376636307,-4.899216966000047,0.35,0.0,333.0,20.0,109.18654005051367,0.503937877156217,0.0
-52.0,660.0,0.6755902076156604,-0.737277336810124,0.0,0.0,0.0,0.0,0.0,0.0,6.0,0.0,-1.0,-1.0,1.0
-16.0,660.0,0.6755902076156604,-0.737277336810124,0.0,0.0,0.0,0.0,1.0,600.0,0.0,42.0,756.6615375173908,4.127244750094859,0.0
0.0,900.0,0.6755902076156604,-0.737277336810124,0.0,0.0,0.0,0.0,1.0,579.0,11.0,44.0,225.86533013478592,0.9034613205391437,0.0
-25.0,780.0,0.6755902076156604,-0.737277336810124,0.0,0.0,0.0,0.0,1.0,587.0,5.0,40.0,17.66289881948218,0.08152107147453315,0.0
0.0,720.0,0.659345815100069,-0.7518398074789773,0.0,0.0,0.0,0.0,1.0,584.0,6.0,43.0,627.7185844390214,3.1385929221951065,0.0
-25.0,660.0,0.659345815100069,-0.7518398074789773,0.0,0.0,0.0,0.0,1.0,587.0,5.0,40.0,562.9910603258784,3.070860329050246,0.0
-16.0,660.0,0.659345815100069,-0.7518398074789773,0.0,0.0,0.0,0.0,1.0,600.0,0.0,42.0,1104.9860727986843,6.027196760720096,0.0
-52.0,660.0,0.659345815100069,-0.7518398074789773,0.0,0.0,0.0,0.0,0.0,0.0,6.0,0.0,-1.0,-1.0,1.0
-25.0,660.0,0.6427876096865391,-0.7660444431189782,0.0,0.0,0.0,0.0,1.0,586.0,5.0,41.0,967.8807543731815,5.279349569308263,0.0
58.0,660.0,0.6427876096865391,-0.7660444431189782,4.0,1.7391304347826086,4.151661702984751,0.7357896971685549,0.8260869565217391,0.0,6.0,46.0,1087.6129111856594,5.932434061012687,0.0
0.0,720.0,0.6427876096865391,-0.7660444431189782,0.0,0.0,0.0,0.0,0.0,0.0,6.0,0.0,-1.0,-1.0,1.0
0.0,720.0,0.6427876096865391,-0.7660444431189782,0.0,0.0,0.0,0.0,1.0,579.0,11.0,43.0,1055.2490955607796,5.276245477803897,0.0
122.0,780.0,0.6427876096865391,-0.7660444431189782,0.0,0.0,0.0,0.0,1.0,592.0,1.0,61.0,81.81265272004049,0.3775968587078792,0.0
32.0,720.0,0.6259234721840592,-0.7798844830928817,15.0,1.9387755102040816,4.042671188380207,0.756736590357114,0.7959183673469388,0.0,9.0,49.0,2323.4227255091732,11.617113627545868,0.0
73.0,660.0,0.6259234721840592,-0.7798844830928817,15.0,1.6,4.418144406874904,0.7044145151633062,0.86,0.0,0.0,50.0,2606.292660032677,14.216141781996418,0.0
99.0,720.0,0.6259234721840592,-0.7798844830928817,30.0,8.224137931034482,9.82263940835111,2.2011982184688317,0.46551724137931033,0.0,5.0,58.0,2923.569530916649,14.617847654583244,0.0
0.0,660.0,0.6259234721840592,-0.7798844830928817,0.0,0.0,0.0,0.0,0.0,0.0,6.0,0.0,-1.0,-1.0,1.0
122.0,660.0,0.6259234721840592,-0.7798844830928817,0.0,0.0,0.0,0.0,1.0,580.0,13.0,55.0,422.8898361245851,2.306671833406828,0.0
75.0,660.0,0.6087614290087209,-0.793353340291235,34.0,13.432098765432098,11.365899041751268,0.5238006774890774,0.24691358024691357,0.0,5.0,81.0,3045.3084497627206,16.610773362342112,0.0
122.0,660.0,0.6087614290087209,-0.793353340291235,0.0,0.0,0.0,0.0,1.0,586.0,13.0,43.0,1767.8166930143404,9.642636507350948,0.0
73.0,720.0,0.6087614290087209,-0.793353340291235,0.0,6.469135802469136,8.749019584936764,1.146532573232104,0.48148148148148145,30.0,6.0,81.0,5463.572919069975,27.317864595349878,0.0
0.0,720.0,0.6087614290087209,-0.793353340291235,12.0,14.055555555555555,12.751785157042054,7.8998842923575765,0.2777777777777778,0.0,0.0,18.0,3284.7015039464736,16.423507519732368,0.0
246.0,660.0,0.6087614290087209,-0.793353340291235,26.0,25.894736842105264,17.8705719192258,0.10779364808430833,0.18421052631578946,0.0,3.0,38.0,4585.97443877259,25.01440602966867,0.0
36.0,660.0,0.6087614290087209,-0.793353340291235,14.0,6.3,9.028288874421332,1.1528219442593886,0.5666666666666667,0.0,9.0,60.0,627.3788165063401,3.4220662718527644,0.0
-7.0,660.0,0.6087614290087209,-0.793353340291235,30.0,11.447368421052632,10.09350329985907,2.3139377588484975,0.32894736842105265,0.0,9.0,76.0,1560.1850575156982,8.51010031372199,0.0
-72.0,660.0,0.5913096483635822,-0.8064446042674827,11.0,17.86021505376344,11.066360338275073,0.6808267882970128,0.15053763440860216,0.0,3.0,93.0,1646.7611531171108,8.982333562456969,0.0
-51.0,660.0,0.5913096483635822,-0.8064446042674827,10.0,4.066666666666666,7.525955088890711,1.6596074674950467,0.7111111111111111,0.0,13.0,45.0,751.8769333193039,4.101146909014385,0.0
-11.0,720.0,0.5913096483635822,-0.8064446042674827,17.0,17.991304347826087,17.028618189069586,2.3569894550477253,0.20869565217391303,0.0,0.0,115.0,4577.011460346678,22.88505730173339,0.0
44.0,660.0,0.5913096483635822,-0.8064446042674827,0.0,10.3625,11.070505577885774,-0.22971091291733242,0.3375,6.0,5.0,80.0,497.3825819071367,2.7129959013116545,0.0
181.0,720.0,0.5913096483635822,-0.8064446042674827,1.0,18.674418604651162,17.45788411249299,-2.26811354584347,0.32558139534883723,0.0,10.0,43.0,3584.477015493002,17.92238507746501,0.0
0.0,720.0,0.5913096483635822,-0.8064446042674827,1.0,16.72340425531915,14.852039229079269,0.5333383585750879,0.2978723404255319,2.0,2.0,47.0,3697.3541265014205,18.486770632507103,0.0
25.0,660.0,0.5913096483635822,-0.8064446042674827,7.0,14.385542168674698,11.701952597134001,-0.007866499919411019,0.1927710843373494,0.0,7.0,83.0,2418.8075261512918,13.193495597188864,0.0
0.0,720.0,0.5735764363510464,-0.8191520442889916,25.0,17.360655737704917,13.590055171705819,-0.03565720208706409,0.19672131147540983,0.0,0.0,61.0,4449.51232835317,22.247561641765852,0.0
-10.0,660.0,0.5735764363510464,-0.8191520442889916,0.0,11.588888888888889,12.46585955002653,-0.0011985050111866435,0.3333333333333333,0.0,8.0,90.0,1138.255452287737,6.208666103387657,0.0
-94.0,660.0,0.5735764363510464,-0.8191520442889916,14.0,14.655913978494624,12.218877184443514,-1.4007429738519575,0.24731182795698925,0.0,1.0,93.0,2735.6727249926494,14.921851227232633,0.0
-5.0,720.0,0.5735764363510464,-0.8191520442889916,47.0,14.80281690140845,12.70091459311833,0.6886147840779266,0.23943661971830985,0.0,9.0,71.0,457.16521197674894,2.2858260598837448,0.0
-39.0,720.0,0.5735764363510464,-0.8191520442889916,0.0,26.444444444444443,18.991876105974665,-0.7464781878200464,0.13675213675213677,32.0,6.0,117.0,3726.085852631381,18.630429263156906,0.0
181.0,720.0,0.5735764363510464,-0.8191520442889916,31.0,15.75609756097561,18.611274432195174,2.6700178702089983,0.3902439024390244,0.0,1.0,41.0,836.3214570293039,4.181607285146519,0.0
-38.0,660.0,0.5735764363510464,-0.8191520442889916,13.0,11.20754716981132,9.771654213033521,1.5059143987715926,0.3018867924528302,0.0,9.0,53.0,1518.9157060166685,8.28499476009092,0.0
13.0,660.0,0.5555702330196025,-0.831469612302545,0.0,0.0,0.0,0.0,1.0,584.0,4.0,40.0,38.596987375958015,0.21052902205068008,0.0
-41.0,900.0,0.5555702330196025,-0.831469612302545,31.0,12.967391304347826,12.072652429063295,0.4704428021729911,0.2717391304347826,0.0,1.0,92.0,880.1051726634241,3.5204206906536966,0.0
0.0,660.0,0.5555702330196025,-0.831469612302545,20.0,19.365079365079364,12.765655296632106,1.4706689100369073,0.09523809523809523,0.0,4.0,63.0,3169.711069720743,17.28933310756769,0.0
-79.0,720.0,0.5555702330196025,-0.831469612302545,7.0,11.709677419354838,9.522560247086,0.37039234691026907,0.26881720430107525,0.0,1.0,93.0,1945.6493295193673,9.728246647596837,0.0
-4.0,660.0,0.5555702330196025,-0.831469612302545,28.0,16.0,12.815355372885035,0.9102172229316432,0.23333333333333334,0.0,11.0,60.0,1960.9504566240446,10.696093399767516,0.0
181.0,660.0,0.5555702330196025,-0.831469612302545,99.0,43.12,40.0962043091363,10.598619555385154,0.24,0.0,2.0,25.0,18307.297875300494,99.85798841072996,0.0
-1.0,720.0,0.5555702330196025,-0.831469612302545,24.0,15.285714285714286,13.967454883348195,0.19842809098469033,0.2857142857142857,0.0,3.0,70.0,2609.399364374497,13.046996821872485,0.0
60.0,660.0,0.5555702330196025,-0.831469612302545,24.0,22.330578512396695,17.980424814915455,-1.4053167464473246,0.18181818181818182,0.0,0.0,121.0,3046.9976242815646,16.619987041535808,0.0
-57.0,660.0,0.5372996083468238,-0.8433914458128857,0.0,15.115942028985508,12.680621106586747,-0.4167320255875948,0.2028985507246377,0.0,0.0,69.0,2687.630824093326,14.659804495054505,0.0
107.0,720.0,0.5372996083468238,-0.8433914458128857,21.0,11.8,10.752619379919096,-0.7028295874217473,0.25882352941176473,0.0,1.0,85.0,216.3628967610977,1.0818144838054886,0.0
13.0,660.0,0.5372996083468238,-0.8433914458128857,0.0,0.0,0.0,0.0,1.0,584.0,4.0,40.0,854.986809736116,4.663564416742451,0.0
-45.0,660.0,0.5372996083468238,-0.8433914458128857,34.0,15.159574468085106,11.075469531845478,0.5036860026265142,0.23404255319148937,0.0,1.0,94.0,2201.2970078813355,12.007074588443649,0.0
68.0,720.0,0.5372996083468238,-0.8433914458128857,30.0,14.03076923076923,12.552620603828853,-0.4208726842413171,0.26153846153846155,0.0,11.0,65.0,1871.2708485635687,9.356354242817844,0.0
104.0,660.0,0.5372996083468238,-0.8433914458128857,7.0,18.69047619047619,15.574941354173411,-0.12549886249990339,0.23809523809523808,0.0,0.0,126.0,4080.2397153489806,22.25585299281262,0.0
0.0,840.0,0.5372996083468238,-0.8433914458128857,99.0,99.62962962962963,1.0592851589685255,-0.0915853191896641,0.0,0.0,2.0,27.0,19537.77728327391,83.73333121403105,0.0
102.0,660.0,0.5187732581605218,-0.8549118706729464,0.0,13.096774193548388,9.101062818862554,0.8675600602604869,0.1774193548387097,0.0,11.0,62.0,981.3476915859668,5.352805590468909,0.0
5.0,660.0,0.5187732581605218,-0.8549118706729464,35.0,24.954198473282442,20.26573937206551,2.1663179101156658,0.22900763358778625,0.0,2.0,131.0,2702.1631240022907,14.739071585467041,0.0
158.0,720.0,0.5187732581605218,-0.8549118706729464,0.0,7.068493150684931,8.63622312033447,-1.0925909372558544,0.3972602739726027,58.0,1.0,73.0,835.822794665339,4.179113973326695,0.0
13.0,660.0,0.5187732581605218,-0.8549118706729464,0.0,0.0,0.0,0.0,1.0,584.0,4.0,40.0,1643.614372396374,8.965169303980222,0.0
-12.0,660.0,0.5187732581605218,-0.8549118706729464,10.0,15.457142857142857,11.126141308115914,-0.5740901143104393,0.15714285714285714,0.0,13.0,70.0,2282.716209348868,12.451179323721098,0.0
0.0,720.0,0.5187732581605218,-0.8549118706729464,99.0,99.0,2.748737083745107,-0.19920771686697933,0.0,0.0,27.0,36.0,19333.532489055553,96.66766244527776,0.0
-31.0,660.0,0.5187732581605218,-0.8549118706729464,38.0,16.844660194174757,13.147229972602334,0.3202706262687757,0.24271844660194175,0.0,1.0,103.0,1459.3368539693763,7.960019203469326,0.0
-58.0,660.0,0.49999999999999994,-0.8660254037844387,22.0,14.157142857142857,10.591958829070979,-1.2753889401701461,0.2,0.0,13.0,70.0,1725.32461958141,9.410861561353146,0.0
-16.0,660.0,0.49999999999999994,-0.8660254037844387,8.0,24.318840579710145,20.001443972238235,-1.807797189195494,0.18115942028985507,0.0,0.0,138.0,694.229243659766,3.786704965416906,0.0
0.0,720.0,0.49999999999999994,-0.8660254037844387,103.0,96.33333333333333,9.987293514562978,-0.8212914070895668,0.0,0.0,10.0,21.0,18541.368903728682,92.70684451864342,0.0
79.0,660.0,0.49999999999999994,-0.8660254037844387,0.0,3.6140350877192984,6.040083611495504,-0.46540134883037865,0.5614035087719298,181.0,0.0,57.0,1645.4994881564464,8.975451753580616,0.0
47.0,780.0,0.49999999999999994,-0.8660254037844387,5.0,4.409090909090909,7.670244104857366,1.5985255089934205,0.6818181818181818,0.0,6.0,44.0,1724.775615337613,7.960502840019753,0.0
194.0,660.0,0.49999999999999994,-0.8660254037844387,0.0,14.94915254237288,10.454783559778537,-0.8359228132722036,0.1016949152542373,0.0,13.0,59.0,1111.204516140963,6.061115542587071,0.0
-37.0,660.0,0.48098876891938763,-0.8767267557075077,9.0,11.153846153846153,9.283949373856547,-0.9562689523456637,0.2923076923076923,0.0,13.0,65.0,1015.5264422322368,5.539235139448564,0.0
252.0,660.0,0.48098876891938763,-0.8767267557075077,14.0,5.73015873015873,6.655243425613357,0.48491128963552266,0.38095238095238093,0.0,0.0,63.0,884.568893487208,4.824921237202953,0.0
20.0,660.0,0.48098876891938763,-0.8767267557075077,17.0,10.1,8.86171540955813,0.9359486879208245,0.26,0.0,6.0,50.0,2877.966828998052,15.698000885443918,0.0
-53.0,720.0,0.48098876891938763,-0.8767267557075077,0.0,19.72340425531915,14.359668886806038,-0.529292410352108,0.16312056737588654,22.0,4.0,141.0,2788.0192753236784,13.940096376618392,0.0
124.0,660.0,0.48098876891938763,-0.8767267557075077,8.0,14.323076923076924,13.09974479176856,0.21307275851632002,0.18461538461538463,0.0,1.0,65.0,1718.8339813453572,9.375458080065584,0.0
0.0,660.0,0.48098876891938763,-0.8767267557075077,99.0,93.72727272727273,12.620984755491431,2.2811774183840927,0.0,0.0,151.0,11.0,20818.45762377967,113.55522340243456,0.0
78.0,720.0,0.4617486132350339,-0.8870108331782217,46.0,13.590909090909092,14.06583791116799,0.2547710308894983,0.2727272727272727,0.0,9.0,66.0,1598.3396587295008,7.991698293647504,0.0
24.0,720.0,0.4617486132350339,-0.8870108331782217,0.0,11.962264150943396,10.105037533471403,0.03966725004477774,0.22641509433962265,0.0,10.0,53.0,2434.916103591741,12.174580517958704,0.0
0.0,660.0,0.4617486132350339,-0.8870108331782217,0.0,43.88,34.83942594245778,-8.646456371071237,0.2,0.0,5.0,25.0,2049.0782841073737,11.176790640585676,0.0
291.0,720.0,0.4617486132350339,-0.8870108331782217,0.0,15.622448979591837,14.472010498892335,-3.5410335721873847,0.35714285714285715,324.0,2.0,98.0,4161.42752049308,20.8071376024654,0.0
155.0,660.0,0.4617486132350339,-0.8870108331782217,24.0,8.28169014084507,9.575766212260751,1.1056625815238794,0.323943661971831,0.0,1.0,71.0,94.49153459959986,0.5154083705432719,0.0
193.0,720.0,0.4422886902190017,-0.8968727415326881,20.0,14.46031746031746,13.521089226370519,0.5030176263167411,0.2222222222222222,0.0,5.0,63.0,1432.3788878495009,7.161894439247504,0.0
148.0,660.0,0.4422886902190017,-0.8968727415326881,0.0,12.438356164383562,12.170012889728614,1.1961544865838996,0.273972602739726,0.0,10.0,73.0,1421.154077427457,7.751749513240675,0.0
-8.0,660.0,0.4422886902190017,-0.8968727415326881,12.0,12.576470588235294,9.354931345789186,-0.03904058780853656,0.23529411764705882,0.0,1.0,85.0,75.75085093050956,0.41318645962096123,0.0
0.0,720.0,0.4422886902190017,-0.8968727415326881,12.0,25.170731707317074,21.60386419706188,0.12099068994668921,0.2926829268292683,0.0,11.0,41.0,1743.8533567955644,8.719266783977822,0.0
388.0,660.0,0.4422886902190017,-0.8968727415326881,38.0,4.964285714285714,11.264616355324891,2.1280469156460473,0.75,0.0,0.0,56.0,4414.470617237188,24.07893063947557,0.0
-31.0,660.0,0.4422886902190017,-0.8968727415326881,31.0,15.944444444444445,14.151844097432134,1.0224946278438174,0.2777777777777778,0.0,0.0,54.0,904.215623564929,4.932085219445067,0.0
0.0,720.0,0.4226182617406995,-0.9063077870366499,0.0,12.581395348837209,19.660174072592277,-3.153737358354396,0.6046511627906976,252.0,14.0,43.0,3012.749898377928,15.063749491889642,0.0
-52.0,840.0,0.4226182617406995,-0.9063077870366499,26.0,19.19607843137255,13.595010053206641,-0.6521931978168093,0.17647058823529413,0.0,2.0,51.0,458.7044712775862,1.9658763054753694,0.0
-8.0,660.0,0.4226182617406995,-0.9063077870366499,0.0,8.528571428571428,8.466271617544573,-1.7640899497513687,0.37142857142857144,197.0,13.0,70.0,1044.211211738144,5.695697518571694,0.0
172.0,900.0,0.4226182617406995,-0.9063077870366499,22.0,13.792207792207792,10.284697575357413,-0.3703854578940995,0.12987012987012986,0.0,10.0,77.0,1306.5934424064478,5.226373769625791,0.0
90.0,660.0,0.4226182617406995,-0.9063077870366499,3.0,16.310344827586206,12.446030937129736,-0.25063750410540675,0.1724137931034483,0.0,9.0,58.0,900.0215736765243,4.909208583690133,0.0
300.0,660.0,0.4226182617406995,-0.9063077870366499,3.0,12.583333333333334,14.071000517218225,1.0763208962562836,0.3229166666666667,0.0,0.0,96.0,4522.8238777858805,24.66994842428662,0.0
250.0,720.0,0.4027466898587373,-0.9153114791194471,27.0,12.443037974683545,9.393974415957915,0.030580990456688797,0.16455696202531644,0.0,0.0,79.0,653.3847616324498,3.266923808162249,0.0
33.0,660.0,0.4027466898587373,-0.9153114791194471,57.0,9.631578947368421,20.042613881206606,4.468349147924828,0.6842105263157895,0.0,0.0,38.0,2687.08481443418,14.656826260550071,0.0
200.0,660.0,0.4027466898587373,-0.9153114791194471,31.0,18.4,14.997743420005147,1.538080444385728,0.15384615384615385,0.0,0.0,130.0,4345.166349415821,23.700907360449932,0.0
0.0,900.0,0.4027466898587373,-0.9153114791194471,0.0,0.0,0.0,0.0,1.0,584.0,14.0,40.0,41.06351000962926,0.16425404003851704,0.0
-8.0,660.0,0.4027466898587373,-0.9153114791194471,0.0,1.8125,3.7950419958150663,-0.6567278096598358,0.75,74.0,13.0,48.0,991.8421879315403,5.410048297808402,0.0
-170.0,660.0,0.4027466898587373,-0.9153114791194471,0.0,15.26923076923077,11.579350627161507,-1.7556302738913694,0.2692307692307692,104.0,2.0,52.0,1287.0254672504732,7.020138912275308,0.0
-7.0,660.0,0.3826834323650899,-0.9238795325112867,5.0,10.489795918367347,10.554276527530211,-0.7112186019470187,0.40816326530612246,0.0,2.0,49.0,2428.104511355457,13.24420642557522,0.0
156.0,720.0,0.3826834323650899,-0.9238795325112867,7.0,13.563636363636364,10.608339149185053,-0.8008363168126111,0.21818181818181817,0.0,11.0,55.0,1365.3128608978086,6.826564304489043,0.0
102.0,660.0,0.3826834323650899,-0.9238795325112867,49.0,25.5,23.45148656742728,3.065286384377121,0.3055555555555556,0.0,1.0,36.0,3438.340884644101,18.75458664351328,0.0
-81.0,660.0,0.3826834323650899,-0.9238795325112867,4.0,12.25,10.265466754722247,0.5782185833601869,0.2692307692307692,0.0,1.0,52.0,1686.9762656787032,9.201688721883835,0.0
175.0,720.0,0.3826834323650899,-0.9238795325112867,0.0,21.225563909774436,17.024801254778644,0.4553482244894594,0.18045112781954886,0.0,1.0,133.0,6184.160781745926,30.92080390872963,0.0
436.0,720.0,0.3826834323650899,-0.9238795325112867,22.0,5.325581395348837,6.708969803536915,1.8601640688466372,0.5348837209302325,0.0,7.0,43.0,5607.338113038005,28.036690565190025,0.0
281.0,720.0,0.3826834323650899,-0.9238795325112867,1.0,11.0,10.505100801855395,-0.1891855391109886,0.3333333333333333,2.0,10.0,84.0,790.8590742153891,3.9542953710769453,0.0
5.0,720.0,0.36243803828370136,-0.9320078692827987,35.0,13.74468085106383,13.050585843386143,1.0661204138932265,0.3191489361702128,0.0,2.0,47.0,2111.864755036414,10.55932377518207,0.0
-91.0,660.0,0.36243803828370136,-0.9320078692827987,7.0,12.773584905660377,10.151013536967463,-0.18320692138747843,0.24528301886792453,0.0,1.0,53.0,1274.6977339924515,6.952896730867917,0.0
466.0,660.0,0.36243803828370136,-0.9320078692827987,2.0,13.911111111111111,9.708695351698845,1.3042897365545183,0.06666666666666667,0.0,10.0,45.0,6163.056403721074,33.61667129302404,0.0
134.0,660.0,0.36243803828370136,-0.9320078692827987,7.0,15.444444444444445,10.886054052755119,0.5416090392541881,0.14814814814814814,0.0,11.0,54.0,805.830881412799,4.395441171342541,0.0
234.0,720.0,0.36243803828370136,-0.9320078692827987,4.0,18.157894736842106,16.997055076752346,-1.2544699581005299,0.24812030075187969,0.0,0.0,133.0,5635.335603974965,28.176678019874824,0.0
116.0,660.0,0.36243803828370136,-0.9320078692827987,0.0,7.945205479452055,9.539952630419865,-0.9191748904487471,0.410958904109589,0.0,8.0,73.0,1651.1314209488767,9.006171386993874,0.0
188.0,660.0,0.36243803828370136,-0.9320078692827987,1.0,27.325,18.518082379123385,-2.146483612869614,0.2,45.0,1.0,40.0,4534.459120416511,24.73341338409006,0.0
-83.0,660.0,0.3420201433256689,-0.9396926207859083,18.0,13.854166666666666,11.05099841517599,0.1320817061653672,0.20833333333333334,0.0,1.0,48.0,1698.4535837476813,9.264292274987353,0.0
415.0,660.0,0.3420201433256689,-0.9396926207859083,9.0,16.354166666666668,11.732237608638666,-0.5050834890397198,0.0625,0.0,0.0,48.0,7057.096908677231,38.493255865512175,0.0
263.0,660.0,0.3420201433256689,-0.9396926207859083,18.0,5.508196721311475,8.30291860756949,0.7999430240436847,0.5081967213114754,0.0,8.0,61.0,956.3573982938494,5.216494899784633,0.0
98.0,840.0,0.3420201433256689,-0.9396926207859083,24.0,22.9,16.186105152259454,-0.7542213883677298,0.2,0.0,1.0,40.0,3190.9937560018598,13.675687525722257,0.0
7.0,720.0,0.3420201433256689,-0.9396926207859083,5.0,18.745098039215687,13.452666675297609,-0.2994017448439178,0.17647058823529413,0.0,6.0,51.0,1570.9548593997793,7.854774296998897,0.0
134.0,720.0,0.3420201433256689,-0.9396926207859083,0.0,10.89795918367347,12.47404635913153,-2.8325082556920638,0.46938775510204084,286.0,11.0,49.0,1145.4011484324833,5.727005742162417,0.0
347.0,720.0,0.32143946530316175,-0.9469301294951056,26.0,24.826923076923077,21.476034186476287,2.816130350536543,0.1346153846153846,0.0,4.0,52.0,6746.382083423465,33.73191041711733,0.0
-89.0,660.0,0.32143946530316175,-0.9469301294951056,1.0,5.3478260869565215,10.31718151456767,2.00616421126885,0.7391304347826086,0.0,11.0,46.0,1074.235907060528,5.859468583966517,0.0
183.0,720.0,0.32143946530316175,-0.9469301294951056,52.0,23.75,19.150391640903848,2.3430772971774148,0.19166666666666668,0.0,1.0,120.0,1137.7018599090438,5.6885092995452196,0.0
-85.0,660.0,0.32143946530316175,-0.9469301294951056,0.0,14.02,10.86736398580631,-0.9150311535085015,0.22,30.0,1.0,50.0,1815.292085838773,9.901593195484217,0.0
97.0,660.0,0.32143946530316175,-0.9469301294951056,30.0,27.18918918918919,17.91396531750131,1.939595985499307,0.1891891891891892,0.0,16.0,37.0,762.3309255386478,4.158168684756261,0.0
265.0,660.0,0.32143946530316175,-0.9469301294951056,47.0,7.666666666666667,10.500120249431681,1.1135960223906143,0.48484848484848486,0.0,0.0,66.0,16.87737476517631,0.0920584078100526,0.0
18.0,660.0,0.30070579950427334,-0.9537169507482268,4.0,11.947368421052632,9.452412766583988,-0.30347919752240404,0.2631578947368421,0.0,1.0,57.0,701.6860403339978,3.827378401821806,0.0
244.0,660.0,0.30070579950427334,-0.9537169507482268,25.0,10.038461538461538,11.132583624027111,0.6587340141864403,0.34615384615384615,0.0,10.0,78.0,1487.34560245185,8.11279419519191,0.0
183.0,840.0,0.30070579950427334,-0.9537169507482268,0.0,24.433333333333334,19.22183365053628,-2.6277007957926117,0.16666666666666666,24.0,2.0,120.0,873.5413326134749,3.7437485683434635,0.0
-51.0,660.0,0.30070579950427334,-0.9537169507482268,4.0,12.074074074074074,11.503384126633492,1.166142862618762,0.37037037037037035,0.0,11.0,54.0,1418.2638353984107,7.735984556718605,0.0
228.0,660.0,0.30070579950427334,-0.9537169507482268,57.0,30.254545454545454,21.89331004652765,0.9010443797149056,0.14545454545454545,0.0,4.0,55.0,5860.8396756986685,31.96821641290183,0.0
97.0,660.0,0.30070579950427334,-0.9537169507482268,100.0,55.57692307692308,35.13290488868177,9.721290238159062,0.11538461538461539,0.0,3.0,26.0,19750.11218794008,107.72788466149136,0.0
254.0,720.0,0.2798290140309927,-0.9600498543859285,1.0,10.10909090909091,7.958238103940361,-0.3635100161908914,0.2727272727272727,0.0,1.0,55.0,1898.026330905833,9.490131654529165,0.0
183.0,660.0,0.2798290140309927,-0.9600498543859285,0.0,12.647727272727273,15.102708797316092,-3.927444569317813,0.42045454545454547,324.0,2.0,88.0,2050.5896762793095,11.185034597887144,0.0
188.0,660.0,0.2798290140309927,-0.9600498543859285,57.0,31.796296296296298,20.88272334803885,1.6520757613583466,0.09259259259259259,0.0,0.0,54.0,4663.583367244063,25.43772745769489,0.0
0.0,660.0,0.2798290140309927,-0.9600498543859285,100.0,99.58333333333333,0.8620067027323833,0.1304122485197307,0.0,0.0,19.0,24.0,19463.289365860222,106.16339654105576,0.0
-2.0,720.0,0.2798290140309927,-0.9600498543859285,16.0,13.862068965517242,10.225809597595598,-0.3314541873542148,0.22413793103448276,0.0,1.0,58.0,1900.0217065304294,9.500108532652147,0.0
408.0,720.0,0.258819045102521,-0.9659258262890682,17.0,11.32876712328767,9.863527383883403,-0.2137620602134767,0.2876712328767123,0.0,8.0,73.0,1008.2787511707413,5.041393755853707,0.0
167.0,660.0,0.258819045102521,-0.9659258262890682,7.0,0.3,1.1532562594670797,0.16563396753409998,0.92,0.0,10.0,50.0,4645.08675746742,25.336836858913202,0.0
233.0,660.0,0.258819045102521,-0.9659258262890682,29.0,14.962264150943396,13.517231859288776,-0.09174694796020623,0.3018867924528302,0.0,7.0,53.0,3296.3360304881,17.980014711753274,0.0
8.0,660.0,0.258819045102521,-0.9659258262890682,15.0,14.9,9.419306414664158,0.6830974954033322,0.15,0.0,11.0,60.0,1512.4158652814897,8.24954108335358,0.0
101.0,720.0,0.258819045102521,-0.9659258262890682,35.0,30.072727272727274,20.983850539666797,-1.0238227408898002,0.10909090909090909,0.0,0.0,55.0,4092.2133045239893,20.461066522619948,0.0
202.0,780.0,0.23768589232617293,-0.9713420698132614,43.0,16.533333333333335,14.419277220289356,0.3004639909338691,0.3,0.0,3.0,60.0,4747.163379962492,21.90998483059612,0.0
38.0,720.0,0.23768589232617293,-0.9713420698132614,11.0,26.649122807017545,19.804740906874475,-0.8783215477900623,0.14035087719298245,0.0,4.0,57.0,1940.1121427340463,9.700560713670232,0.0
64.0,660.0,0.23768589232617293,-0.9713420698132614,0.0,12.636363636363637,18.250713624837264,2.9013280562766264,0.45454545454545453,4.0,1.0,77.0,5432.8871663791915,29.633929998431952,0.0
124.0,660.0,0.23768589232617293,-0.9713420698132614,0.0,15.066666666666666,8.902933349308094,-0.47082691291391465,0.1,16.0,11.0,60.0,608.0361610983211,3.3165608787181156,0.0
18.0,720.0,0.21643961393810318,-0.9762960071199333,25.0,22.245283018867923,18.282794943816338,-3.2019347667098934,0.16981132075471697,0.0,6.0,53.0,452.30960001618206,2.2615480000809103,0.0
24.0,660.0,0.21643961393810318,-0.9762960071199333,61.0,25.56451612903226,20.84166188016587,2.6003472941036185,0.1935483870967742,0.0,5.0,124.0,4228.0247064818695,23.06195294444656,0.0
109.0,660.0,0.21643961393810318,-0.9762960071199333,21.0,14.661290322580646,11.482024588793053,-0.09973001666791748,0.1935483870967742,0.0,13.0,62.0,1403.7087299015866,7.656593072190472,0.0
74.0,660.0,0.19509032201612816,-0.9807852804032304,0.0,26.766423357664234,19.366334991506523,-1.7158682405194656,0.1678832116788321,0.0,1.0,137.0,3322.058554070429,18.120319385838705,0.0
-2.0,660.0,0.19509032201612816,-0.9807852804032304,0.0,11.875,12.862453433670161,-2.407664421965157,0.3541666666666667,76.0,6.0,48.0,1750.8643433195036,9.550169145379112,0.0
42.0,660.0,0.19509032201612816,-0.9807852804032304,22.0,16.92063492063492,13.013182067941097,0.12859782937589218,0.1746031746031746,0.0,3.0,63.0,1856.7964230729096,10.1279804894886,0.0
52.0,660.0,0.17364817766693028,-0.984807753012208,5.0,21.29230769230769,15.922623553560587,-0.16798943196227012,0.2076923076923077,0.0,7.0,130.0,3633.555972597968,19.819396214170734,0.0
133.0,660.0,0.17364817766693028,-0.984807753012208,9.0,6.826086956521739,9.785313635697134,-1.0310179197895104,0.30434782608695654,0.0,8.0,46.0,2705.0734636528096,14.754946165378962,0.0
-4.0,660.0,0.17364817766693028,-0.984807753012208,46.0,16.07936507936508,12.92628868931123,-0.4312668691690729,0.19047619047619047,0.0,9.0,63.0,1370.7797137956109,7.476980257066968,0.0
88.0,660.0,0.15212338618991708,-0.9883615104677607,1.0,14.5,11.853609767329488,0.44364970099119055,0.25806451612903225,4.0,5.0,62.0,1532.9678028498724,8.361642560999304,0.0
-50.0,660.0,0.15212338618991708,-0.9883615104677607,53.0,24.75886524822695,18.87431393115821,1.8702285085163506,0.19858156028368795,0.0,5.0,141.0,2775.6212838994643,15.13975245763344,0.0
146.0,720.0,0.15212338618991708,-0.9883615104677607,24.0,17.19047619047619,18.903562394475124,3.2644672729664572,0.07142857142857142,0.0,6.0,42.0,2799.553925538005,13.997769627690024,0.0
33.0,660.0,0.130526192220052,-0.9914448613738104,37.0,6.549019607843137,10.747208895282125,-0.8050228684853636,0.5686274509803921,0.0,10.0,51.0,3055.197524323836,16.664713769039107,0.0
-126.0,840.0,0.130526192220052,-0.9914448613738104,0.0,0.5365853658536586,1.6542268251525043,0.09272860968780816,0.8780487804878049,166.0,12.0,41.0,47.86883171194608,0.20515213590834036,0.0
40.0,780.0,0.130526192220052,-0.9914448613738104,0.0,0.8571428571428571,2.099562636671296,-0.20196034674174915,0.8333333333333334,44.0,5.0,42.0,117.74797930746654,0.5434522121883072,0.0
-161.0,660.0,0.130526192220052,-0.9914448613738104,5.0,21.31578947368421,20.01000442299577,-1.6759324330529375,0.26973684210526316,0.0,3.0,152.0,1210.1040110112178,6.600567332788461,0.0
46.0,720.0,0.130526192220052,-0.9914448613738104,0.0,18.75,17.964769816099913,-3.5611073558253405,0.13636363636363635,14.0,10.0,44.0,4799.675004593504,23.99837502296752,0.0
-13.0,720.0,0.130526192220052,-0.9914448613738104,0.0,12.416666666666666,11.23579349915063,-0.9695607583696509,0.3125,63.0,5.0,96.0,2405.3721573937837,12.026860786968918,0.0
125.0,660.0,0.10886687485196457,-0.9940563382223196,14.0,13.75,9.614442261514705,1.1671847238052506,0.14583333333333334,0.0,1.0,48.0,4802.078733316258,26.193156727179588,0.0
24.0,660.0,0.10886687485196457,-0.9940563382223196,24.0,15.386363636363637,15.970449855750505,3.7145504609254787,0.3181818181818182,0.0,10.0,44.0,2406.467891809342,13.126188500778229,0.0
105.0,840.0,0.10886687485196457,-0.9940563382223196,7.0,7.671428571428572,9.74785167331233,-1.820931817653264,0.5285714285714286,0.0,5.0,70.0,2692.786275209888,11.540512608042377,0.0
-126.0,660.0,0.10886687485196457,-0.9940563382223196,0.0,0.5365853658536586,1.654226825152504,-0.22065527673784532,0.8780487804878049,466.0,12.0,41.0,333.2852827715918,1.8179197242086826,0.0
40.0,660.0,0.10886687485196457,-0.9940563382223196,0.0,0.21951219512195122,0.8118691208338165,-0.03339385911110032,0.926829268292683,344.0,5.0,41.0,843.8833939606563,4.603000330694489,0.0
-84.0,660.0,0.10886687485196457,-0.9940563382223196,5.0,14.382978723404255,14.190527044259968,-0.4920210435689786,0.3262411347517731,0.0,9.0,141.0,1652.090373893434,9.011402039418732,0.0
98.0,660.0,0.0871557427476582,-0.9961946980917455,13.0,18.895833333333332,10.7067727462055,-0.01646927898052756,0.08333333333333333,0.0,2.0,48.0,4649.271492501071,25.359662686369482,0.0
142.0,660.0,0.0871557427476582,-0.9961946980917455,3.0,6.5423728813559325,9.465946162022867,1.0341020423795677,0.5423728813559322,0.0,15.0,59.0,2678.134851202618,14.608008279287008,0.0
257.0,720.0,0.0871557427476582,-0.9961946980917455,0.0,11.076923076923077,12.373741045278962,-2.347838535368817,0.46153846153846156,227.0,10.0,104.0,3535.167917326014,17.67583958663007,0.0
-126.0,720.0,0.0871557427476582,-0.9961946980917455,0.0,0.0,0.0,0.0,1.0,584.0,12.0,40.0,1279.7762869181029,6.398881434590515,0.0
153.0,660.0,0.0871557427476582,-0.9961946980917455,28.0,29.55263157894737,13.517430011929926,-1.2156955902042932,0.05263157894736842,0.0,10.0,38.0,4613.829196488125,25.166341071753408,0.0
40.0,660.0,0.0871557427476582,-0.9961946980917455,0.0,0.0,0.0,0.0,1.0,584.0,5.0,40.0,2283.144059219431,12.453513050287805,0.0
16.0,660.0,0.06540312923014312,-0.9978589232386035,23.0,0.7804878048780488,3.7774181085662795,0.43187457617259556,0.9512195121951219,0.0,6.0,41.0,1600.1009634151276,8.727823436809787,0.0
-10.0,840.0,0.06540312923014312,-0.9978589232386035,56.0,24.488372093023255,15.994726010176498,-0.8268353671806344,0.16279069767441862,0.0,2.0,43.0,3412.9866906665875,14.62708581714252,0.0
187.0,720.0,0.06540312923014312,-0.9978589232386035,0.0,13.135802469135802,11.313439060179224,0.33712380625246896,0.2716049382716049,0.0,1.0,81.0,3207.2130202070475,16.036065101035238,0.0
29.0,660.0,0.06540312923014312,-0.9978589232386035,6.0,23.608695652173914,12.534263060610696,0.916176032109977,0.06521739130434782,0.0,12.0,46.0,4576.60455092495,24.963297550499725,0.0
257.0,660.0,0.06540312923014312,-0.9978589232386035,38.0,5.257575757575758,9.855487021252626,0.12807833688071307,0.7121212121212122,0.0,5.0,66.0,4165.148844890604,22.718993699403292,0.0
20.0,720.0,0.06540312923014312,-0.9978589232386035,29.0,4.4186046511627906,7.889447052689286,1.8986847002626392,0.6976744186046512,0.0,1.0,43.0,4050.038711701076,20.25019355850538,0.0
-34.0,660.0,0.043619387365335625,-0.9990482215818578,100.0,26.103448275862068,22.016208492500606,5.87293057973516,0.20689655172413793,0.0,70.0,29.0,17574.927511540707,95.86324097204022,0.0
17.0,660.0,0.043619387365335625,-0.9990482215818578,24.0,6.340425531914893,8.71359074370089,1.6703513147176374,0.5319148936170213,0.0,6.0,47.0,1613.763420724106,8.802345931222396,0.0
-82.0,660.0,0.043619387365335625,-0.9990482215818578,36.0,18.958333333333332,15.458221023850777,3.0372001531860073,0.20833333333333334,0.0,13.0,48.0,2975.9824164859087,16.232631362650412,0.0
-26.0,900.0,0.043619387365335625,-0.9990482215818578,0.0,0.0,0.0,0.0,1.0,586.0,4.0,40.0,53.901917187994385,0.21560766875197754,0.0
141.0,720.0,0.043619387365335625,-0.9990482215818578,8.0,16.24468085106383,11.38091550201922,-0.7914174675933976,0.18085106382978725,0.0,1.0,94.0,2769.838345518534,13.84919172759267,0.0
380.0,660.0,0.043619387365335625,-0.9990482215818578,0.0,10.019607843137255,13.04590717289756,1.455382628132826,0.45098039215686275,0.0,1.0,102.0,3990.1854660742497,21.764647996768634,0.0
58.0,780.0,0.043619387365335625,-0.9990482215818578,28.0,21.27659574468085,13.926405544496008,-2.4588837224374624,0.14893617021276595,0.0,10.0,47.0,5087.264808297572,23.47968373060418,0.0
-52.0,660.0,0.021814885034561218,-0.9997620270799091,36.0,24.01851851851852,14.799262670247813,-2.0012337847134467,0.09259259259259259,0.0,3.0,54.0,2063.1878484208287,11.253751900477248,0.0
-34.0,660.0,0.021814885034561218,-0.9997620270799091,99.0,85.18181818181819,28.94608838958818,7.627001025356773,0.045454545454545456,0.0,9.0,22.0,19983.413415542207,109.0004368120484,0.0
0.0,660.0,0.021814885034561218,-0.9997620270799091,0.0,0.11904761904761904,0.39050522540135063,0.04367904055299157,0.9761904761904762,104.0,7.0,42.0,61.83847787125854,0.33730078838868294,0.0
64.0,660.0,0.021814885034561218,-0.9997620270799091,6.0,19.653061224489797,13.2041289467026,0.0812339995040939,0.12244897959183673,0.0,0.0,49.0,3524.0982395213105,19.2223540337526,0.0
215.0,720.0,0.021814885034561218,-0.9997620270799091,0.0,14.204379562043796,14.233782517695083,1.1249782626131903,0.30656934306569344,16.0,1.0,137.0,4719.479533883727,23.597397669418633,0.0
144.0,720.0,0.021814885034561218,-0.9997620270799091,16.0,15.990291262135923,11.301254458791327,-0.28645709362911687,0.21359223300970873,0.0,3.0,103.0,2000.4046869561803,10.002023434780902,0.0
-26.0,720.0,0.021814885034561218,-0.9997620270799091,0.0,0.0,0.0,0.0,1.0,586.0,4.0,40.0,251.81076528042698,1.259053826402135,0.0
56.0,900.0,0.021814885034561218,-0.9997620270799091,16.0,10.283018867924529,8.970343924940643,-0.05426559978884486,0.2641509433962264,0.0,0.0,53.0,3217.6366560909532,12.870546624363813,0.0
89.0,660.0,1.2246467991473532e-16,-1.0,47.0,26.127659574468087,13.915576793691729,0.9560641024312356,0.02127659574468085,0.0,0.0,47.0,1918.1340610748648,10.462549424044719,0.0
102.0,660.0,1.2246467991473532e-16,-1.0,0.0,14.948979591836734,10.303924801050616,-0.4645072178615044,0.22448979591836735,14.0,3.0,98.0,2026.58266752674,11.054087277418581,0.0
-34.0,660.0,1.2246467991473532e-16,-1.0,99.0,99.61764705882354,4.137452369602173,-0.2729576478928809,0.0,0.0,39.0,34.0,19659.33297094499,107.23272529606359,0.0
0.0,660.0,1.2246467991473532e-16,-1.0,13.0,11.620689655172415,10.797233978817966,1.1527962042979178,0.29310344827586204,0.0,11.0,58.0,1474.5753614521539,8.043138335193566,0.0
26.0,720.0,1.2246467991473532e-16,-1.0,2.0,16.581818181818182,14.676748350665425,2.02779386848724,0.21818181818181817,0.0,0.0,55.0,1307.23734518109,6.53618672590545,0.0
-7.0,660.0,1.2246467991473532e-16,-1.0,13.0,16.86046511627907,14.216893644532405,-1.4983949620193042,0.20930232558139536,0.0,15.0,43.0,2515.492500127582,13.720868182514085,0.0
-26.0,660.0,1.2246467991473532e-16,-1.0,0.0,0.0,0.0,0.0,1.0,586.0,4.0,40.0,932.3585289692586,5.085591976195956,0.0
-9.0,720.0,1.2246467991473532e-16,-1.0,5.0,16.753623188405797,14.755402643179915,-0.162583555076285,0.2318840579710145,0.0,5.0,69.0,2825.2582522425714,14.126291261212858,0.0
133.0,660.0,-0.021814885034560975,-0.9997620270799091,14.0,20.13953488372093,16.890318398349404,-1.8080443316996135,0.23255813953488372,0.0,3.0,43.0,1953.5491491108157,10.655722631513541,0.0
26.0,660.0,-0.021814885034560975,-0.9997620270799091,33.0,15.966101694915254,11.830678450529692,-0.011293684039446009,0.13559322033898305,0.0,11.0,59.0,1769.350841472351,9.651004589849189,0.0
84.0,660.0,-0.021814885034560975,-0.9997620270799091,18.0,10.717948717948717,11.586793361738465,0.07886792497602081,0.358974358974359,0.0,45.0,39.0,3931.7145151873924,21.445715537385777,0.0
9.0,660.0,-0.021814885034560975,-0.9997620270799091,0.0,0.0,0.0,0.0,1.0,586.0,4.0,41.0,1497.60619600852,8.168761069137384,0.0
-34.0,720.0,-0.021814885034560975,-0.9997620270799091,65.0,98.21212121212122,6.059090719649607,-0.7069012166572968,0.0,0.0,42.0,33.0,17352.58085212353,86.76290426061766,0.0
94.0,660.0,-0.021814885034560975,-0.9997620270799091,17.0,13.405405405405405,9.406609118376117,-0.02814222132624046,0.1891891891891892,0.0,3.0,74.0,1419.3843382557332,7.742096390485817,0.0
-62.0,720.0,-0.021814885034560975,-0.9997620270799091,35.0,20.39622641509434,14.960753213105722,0.47444394139173907,0.1509433962264151,0.0,2.0,53.0,976.1441319167087,4.880720659583544,0.0
-49.0,660.0,-0.021814885034560975,-0.9997620270799091,24.0,18.057142857142857,15.645068336869167,0.47572579054614594,0.22857142857142856,0.0,7.0,70.0,2429.796436368727,13.253435107465783,0.0
64.0,660.0,-0.04361938736533538,-0.9990482215818578,18.0,10.8,12.096280420029952,1.5262309030643992,0.4,0.0,345.0,25.0,5468.529498535125,29.828342719282496,0.0
70.0,660.0,-0.04361938736533538,-0.9990482215818578,0.0,5.818181818181818,8.072604421669645,1.1871363414704952,0.5818181818181818,30.0,0.0,55.0,781.2759815879012,4.261505354115824,0.0
-222.0,720.0,-0.04361938736533538,-0.9990482215818578,26.0,17.46938775510204,11.65157787478138,0.5377464097393052,0.14285714285714285,0.0,2.0,49.0,849.1277336687464,4.245638668343732,0.0
-34.0,720.0,-0.04361938736533538,-0.9990482215818578,102.0,97.36363636363636,7.37653191821847,-0.30356546740897883,0.0,0.0,150.0,22.0,18917.881842049515,94.58940921024758,0.0
79.0,720.0,-0.04361938736533538,-0.9990482215818578,12.0,15.133333333333333,11.290802549961725,-0.3476461895650011,0.16666666666666666,0.0,11.0,60.0,2030.9441686504422,10.15472084325221,0.0
-114.0,720.0,-0.04361938736533538,-0.9990482215818578,10.0,15.942857142857143,12.618451019140542,-0.5319796118236876,0.2,0.0,7.0,70.0,1830.213111934791,9.151065559673954,0.0
-34.0,720.0,-0.06540312923014287,-0.9978589232386035,36.0,41.86363636363637,40.55108501467956,-11.351720655791729,0.18181818181818182,0.0,0.0,22.0,2069.4904028183296,10.347452014091647,0.0
43.0,660.0,-0.06540312923014287,-0.9978589232386035,0.0,10.309859154929578,10.94492171044491,0.019028795712602336,0.352112676056338,46.0,0.0,71.0,34.93915980324972,0.19057723529045303,0.0
-88.0,720.0,-0.06540312923014287,-0.9978589232386035,3.0,11.710144927536232,8.83520863212629,-0.6044348136184983,0.2028985507246377,0.0,5.0,69.0,1191.2409894443608,5.956204947221804,0.0
-224.0,840.0,-0.06540312923014287,-0.9978589232386035,0.0,11.541666666666666,11.047168440625658,-2.141232495288794,0.375,14.0,2.0,48.0,2396.020150472371,10.268657787738732,0.0
119.0,720.0,-0.06540312923014287,-0.9978589232386035,0.0,14.432835820895523,9.534264806001334,0.16725643125159356,0.16417910447761194,0.0,0.0,67.0,1029.133249558977,5.145666247794885,0.0
-76.0,660.0,-0.08715574274765794,-0.9961946980917455,25.0,12.23913043478261,12.320334521518365,1.9863162822521678,0.41304347826086957,0.0,2.0,46.0,2866.362704837775,15.634705662751498,0.0
90.0,660.0,-0.08715574274765794,-0.9961946980917455,0.0,16.0,11.729269268618467,-0.012298384121808215,0.21212121212121213,0.0,15.0,66.0,862.289448968419,4.703396994373195,0.0
-101.0,660.0,-0.08715574274765794,-0.9961946980917455,18.0,9.507692307692308,8.074886190049277,-0.1144232211584355,0.23076923076923078,0.0,7.0,65.0,1090.1990418078522,5.94654022804283,0.0
31.0,720.0,-0.08715574274765794,-0.9961946980917455,40.0,21.0,15.011589725507307,1.0328361914035884,0.17391304347826086,0.0,2.0,46.0,375.3817001233874,1.876908500616937,0.0
60.0,660.0,-0.08715574274765794,-0.9961946980917455,1.0,11.304878048780488,12.280947989537017,0.05651059759308177,0.35365853658536583,6.0,8.0,82.0,1248.7275908469696,6.811241404619835,0.0
72.0,660.0,-0.10886687485196432,-0.9940563382223196,9.0,14.790322580645162,12.936740748204869,-0.4181394139654481,0.25806451612903225,0.0,1.0,62.0,1801.2676592389478,9.825096323121533,0.0
-17.0,660.0,-0.10886687485196432,-0.9940563382223196,2.0,15.229166666666666,11.949964406037182,-1.1048262260080914,0.2708333333333333,0.0,2.0,48.0,1544.1525452040694,8.42265024656765,0.0
38.0,720.0,-0.10886687485196432,-0.9940563382223196,6.0,21.275862068965516,16.351519072580842,-0.6793366113967283,0.20689655172413793,0.0,182.0,29.0,1277.5936384481354,6.3879681922406775,0.0
9.0,660.0,-0.13052619222005177,-0.9914448613738104,2.0,9.839506172839506,7.512059095540994,-0.09504114397244426,0.2716049382716049,0.0,7.0,81.0,69.26332359007665,0.37779994685496354,0.0
57.0,720.0,-0.13052619222005177,-0.9914448613738104,27.0,12.885245901639344,10.611003198282367,0.10752038298640569,0.13114754098360656,0.0,1.0,61.0,1846.9949366986561,9.23497468349328,0.0
35.0,720.0,-0.13052619222005177,-0.9914448613738104,22.0,2.1904761904761907,4.958101092142968,0.6549691119995682,0.6666666666666666,0.0,12.0,42.0,126.81072725589534,0.6340536362794768,0.0
38.0,720.0,-0.13052619222005177,-0.9914448613738104,101.0,38.53333333333333,38.11363127397977,9.12743737101578,0.26666666666666666,0.0,96.0,15.0,33147.28240358868,165.7364120179434,0.0
0.0,660.0,-0.15212338618991683,-0.9883615104677607,121.0,93.33333333333333,24.967756985538145,3.478251237024878,0.0625,0.0,2.0,48.0,31420.113896871757,171.38243943748233,0.0
9.0,720.0,-0.15212338618991683,-0.9883615104677607,0.0,6.015625,7.105218565207899,-1.358806762715973,0.515625,224.0,7.0,64.0,1092.9290756987896,5.464645378493948,0.0
78.0,660.0,-0.15212338618991683,-0.9883615104677607,16.0,14.671875,11.155232359049048,0.5901238538038236,0.109375,0.0,3.0,64.0,1405.607879453542,7.666952069746594,0.0
35.0,660.0,-0.15212338618991683,-0.9883615104677607,53.0,13.371428571428572,15.593195795026778,5.91563788561342,0.4,0.0,136.0,35.0,876.3776798811937,4.780241890261056,0.0
100.0,720.0,-0.17364817766693003,-0.9848077530122081,0.0,15.5,11.939557374669729,-0.3653417811323921,0.18181818181818182,6.0,3.0,66.0,996.3266344959453,4.981633172479726,0.0
0.0,660.0,-0.17364817766693003,-0.9848077530122081,100.0,91.94623655913979,28.171657224642452,1.261512779005774,0.021505376344086023,0.0,0.0,93.0,31775.519385402364,173.32101482946746,0.0
9.0,720.0,-0.17364817766693003,-0.9848077530122081,0.0,1.8269230769230769,4.177417097856935,-0.6883465513306849,0.8269230769230769,524.0,7.0,52.0,1029.6994647774643,5.148497323887321,0.0
35.0,660.0,-0.17364817766693003,-0.9848077530122081,53.0,28.428571428571427,12.726318543611479,12.041074039611857,0.0,0.0,436.0,14.0,142.67700131620308,0.7782381889974713,0.0
0.0,660.0,-0.19509032201612792,-0.9807852804032305,40.0,88.96666666666667,30.37376426384381,5.99718342962435,0.0,0.0,52.0,60.0,2427.967120334996,13.243457020009068,0.0
204.0,660.0,-0.19509032201612792,-0.9807852804032305,0.0,0.0,0.0,0.0,0.0,0.0,4.0,0.0,-1.0,-1.0,1.0
40.0,660.0,-0.19509032201612792,-0.9807852804032305,18.0,3.06,5.562049981796281,0.939162508405285,0.68,0.0,3.0,50.0,1445.6592763304661,7.885414234529815,0.0
0.0,660.0,-0.21643961393810293,-0.9762960071199334,37.0,40.8,35.17369146718285,-8.957098304507301,0.05714285714285714,0.0,2.0,35.0,1929.5896273888786,10.525034331212066,0.0
98.0,720.0,-0.21643961393810293,-0.9762960071199334,0.0,0.0,0.0,0.0,0.0,0.0,4.0,0.0,-1.0,-1.0,1.0
208.0,720.0,-0.21643961393810293,-0.9762960071199334,17.0,9.169230769230769,8.843196830191827,1.0778206733059144,0.2923076923076923,0.0,1.0,65.0,2878.300741054244,14.39150370527122,0.0
0.0,660.0,-0.2376858923261727,-0.9713420698132615,16.0,19.81132075471698,14.957873680709428,-0.7580916988389652,0.18867924528301888,0.0,0.0,53.0,2433.100566438802,13.27145763512074,0.0
-212.0,840.0,-0.2376858923261727,-0.9713420698132615,0.0,0.0,0.0,0.0,1.0,586.0,3.0,45.0,223.4165928501075,0.9574996836433177,0.0
142.0,660.0,-0.2376858923261727,-0.9713420698132615,0.0,11.162162162162161,9.478320964075216,-0.8290197578217257,0.22972972972972974,16.0,11.0,74.0,3398.457966314661,18.537043452625426,0.0
-96.0,720.0,-0.2376858923261727,-0.9713420698132615,8.0,20.727272727272727,14.071834597010435,-5.3240579710144935,0.09090909090909091,0.0,2.0,11.0,3011.053404177117,15.055267020885585,0.0
-157.0,660.0,-0.2588190451025208,-0.9659258262890683,13.0,15.034285714285714,9.613025177394706,-0.9032448290926501,0.10857142857142857,0.0,1.0,175.0,1215.0056546577257,6.627303570860322,0.0
-59.0,660.0,-0.2588190451025208,-0.9659258262890683,0.0,14.323529411764707,12.510514608861888,-2.057169464267434,0.17647058823529413,30.0,2.0,34.0,3734.4460012460595,20.369705461342143,0.0
-17.0,660.0,-0.2588190451025208,-0.9659258262890683,3.0,12.097560975609756,12.10785852054768,-0.26092289483694786,0.25609756097560976,0.0,2.0,82.0,1109.519283919245,6.051923366832246,0.0
-212.0,660.0,-0.2588190451025208,-0.9659258262890683,0.0,0.0,0.0,0.0,1.0,586.0,3.0,46.0,623.1775718146749,3.3991503917164088,0.0
132.0,660.0,-0.2588190451025208,-0.9659258262890683,0.0,10.506493506493506,10.699706728136976,0.0012625120528961561,0.3116883116883117,0.0,0.0,77.0,2765.3518139270564,15.083737166874853,0.0
-191.0,840.0,-0.2798290140309925,-0.9600498543859286,10.0,15.9375,11.031028680499384,0.934552439034619,0.1375,0.0,7.0,160.0,2201.270580090591,9.43401677181682,0.0
-81.0,660.0,-0.2798290140309925,-0.9600498543859286,35.0,19.77777777777778,14.739046989980034,2.8496434064717517,0.13333333333333333,0.0,6.0,45.0,3253.3605375777033,17.74560293224202,0.0
29.0,780.0,-0.2798290140309925,-0.9600498543859286,8.0,14.090909090909092,13.398179579953041,1.1454456817783973,0.2987012987012987,0.0,11.0,77.0,123.6571172946829,0.5707251567446904,0.0
-212.0,660.0,-0.2798290140309925,-0.9600498543859286,0.0,0.0,0.0,0.0,1.0,586.0,3.0,46.0,1056.8411206425726,5.764587930777669,0.0
104.0,900.0,-0.30070579950427306,-0.9537169507482269,0.0,10.240506329113924,10.270043927621558,-0.12458635404791565,0.3291139240506329,0.0,3.0,79.0,842.8825450266822,3.371530180106729,0.0
-181.0,660.0,-0.30070579950427306,-0.9537169507482269,22.0,16.111801242236027,10.796246063037978,-0.19986811238696245,0.12422360248447205,0.0,11.0,161.0,2261.55638607572,12.335762105867564,0.0
-91.0,720.0,-0.30070579950427306,-0.9537169507482269,28.0,24.58695652173913,14.417043185601578,-0.5338203064331759,0.10869565217391304,0.0,0.0,46.0,3878.6237089695915,19.393118544847958,0.0
132.0,720.0,-0.30070579950427306,-0.9537169507482269,0.0,2.8771929824561404,6.064189320977085,1.0193120505428834,0.7719298245614035,8.0,5.0,57.0,3782.2565923752472,18.911282961876235,0.0
45.0,660.0,-0.30070579950427306,-0.9537169507482269,10.0,16.3,13.790757774683739,0.10019070834674462,0.2375,0.0,1.0,80.0,2148.1700996473637,11.717291452621984,0.0
-185.0,660.0,-0.32143946530316153,-0.9469301294951057,0.0,14.964285714285714,9.381905619927355,0.024145297439668107,0.11428571428571428,30.0,11.0,140.0,2445.463388788419,13.338891211573193,0.0
132.0,660.0,-0.32143946530316153,-0.9469301294951057,41.0,8.571428571428571,11.849538582824664,1.801856248545868,0.42857142857142855,0.0,3.0,84.0,4947.877701045177,26.98842382388278,0.0
-21.0,660.0,-0.32143946530316153,-0.9469301294951057,6.0,14.586666666666666,11.73836255853241,-0.7677087458127091,0.17333333333333334,0.0,1.0,75.0,2604.98949242056,14.209033595021237,0.0
-104.0,720.0,-0.32143946530316153,-0.9469301294951057,25.0,19.67391304347826,13.836081293402986,-0.25035203181485904,0.15217391304347827,0.0,10.0,46.0,3714.4677461316246,18.572338730658124,0.0
183.0,720.0,-0.32143946530316153,-0.9469301294951057,2.0,9.076923076923077,10.609344249497198,-0.09157128630079236,0.3717948717948718,0.0,4.0,78.0,167.40110492888536,0.8370055246444268,0.0
36.0,660.0,-0.34202014332566866,-0.9396926207859084,18.0,16.36936936936937,17.8643174103922,1.6584170279344495,0.26126126126126126,0.0,3.0,111.0,4577.864933724586,24.97017236577047,0.0
42.0,660.0,-0.34202014332566866,-0.9396926207859084,2.0,15.0,11.501732698705172,0.28356136407894317,0.15942028985507245,0.0,1.0,69.0,2371.1104661181266,12.933329815189783,0.0
-106.0,660.0,-0.34202014332566866,-0.9396926207859084,44.0,22.72340425531915,14.355223124850314,1.4608809170149797,0.0851063829787234,0.0,8.0,47.0,3066.429513671254,16.72597916547957,0.0
-108.0,720.0,-0.34202014332566866,-0.9396926207859084,17.0,17.62992125984252,11.194629723196265,0.20124450782830924,0.14173228346456693,0.0,1.0,127.0,2102.1043735095536,10.51052186754777,0.0
183.0,660.0,-0.34202014332566866,-0.9396926207859084,0.0,7.041095890410959,9.089265618517027,-1.0825073737587785,0.4246575342465753,46.0,6.0,73.0,921.9751958022639,5.028955613466894,0.0
-99.0,660.0,-0.36243803828370114,-0.9320078692827987,10.0,16.598591549295776,10.16972852626641,-0.21626246585319053,0.14084507042253522,0.0,1.0,142.0,1546.3322401322255,8.434539491630321,0.0
-136.0,720.0,-0.36243803828370114,-0.9320078692827987,41.0,25.571428571428573,14.249955245185717,0.7084524886837972,0.04081632653061224,0.0,6.0,49.0,2295.4741249268764,11.477370624634382,0.0
-63.0,660.0,-0.36243803828370114,-0.9320078692827987,11.0,2.8461538461538463,5.01683556171163,-0.12481211289938304,0.6730769230769231,0.0,6.0,52.0,1368.225127408348,7.46304614950008,0.0
106.0,660.0,-0.36243803828370114,-0.9320078692827987,0.0,21.13821138211382,19.782691458790218,0.6007951285413811,0.25203252032520324,0.0,2.0,123.0,3847.1329405720858,20.98436149402956,0.0
-15.0,720.0,-0.36243803828370114,-0.9320078692827987,8.0,13.852941176470589,11.563462622418477,-1.540781108062719,0.20588235294117646,0.0,1.0,68.0,1942.9187672333246,9.714593836166623,0.0
188.0,720.0,-0.38268343236508967,-0.9238795325112868,0.0,18.52542372881356,18.41872290996347,-0.03123970489258085,0.3220338983050847,0.0,2.0,118.0,3975.1295886854728,19.875647943427364,0.0
90.0,900.0,-0.38268343236508967,-0.9238795325112868,0.0,0.0,0.0,0.0,1.0,584.0,5.0,40.0,94.27606142991873,0.37710424571967494,0.0
0.0,720.0,-0.38268343236508967,-0.9238795325112868,0.0,3.4634146341463414,6.960156856150935,-0.7256880397675028,0.7317073170731707,255.0,8.0,41.0,1506.430393795642,7.53215196897821,0.0
-122.0,660.0,-0.38268343236508967,-0.9238795325112868,0.0,13.380597014925373,9.878965122034755,-0.7271859828800088,0.23134328358208955,0.0,11.0,134.0,1604.4400818954805,8.751491355793531,0.0
-1.0,660.0,-0.38268343236508967,-0.9238795325112868,0.0,10.707692307692307,8.928300858115039,-0.2958381274667282,0.26153846153846155,30.0,0.0,65.0,1029.1142292353882,5.613350341283935,0.0
90.0,660.0,-0.4027466898587371,-0.9153114791194472,0.0,0.0,0.0,0.0,1.0,584.0,5.0,40.0,112.67275759612846,0.6145786777970643,0.0
217.0,660.0,-0.4027466898587371,-0.9153114791194472,0.0,13.88034188034188,15.045323203921816,0.15356655108099976,0.4017094017094017,1.0,0.0,117.0,4357.57371053136,23.768583875625602,0.0
0.0,660.0,-0.4027466898587371,-0.9153114791194472,0.0,1.6,4.211887937730538,-0.22533917239674736,0.825,60.0,8.0,40.0,2760.43079202868,15.056895229247347,0.0
5.0,660.0,-0.4027466898587371,-0.9153114791194472,25.0,12.58974358974359,10.29866296703668,-0.1439131030132373,0.26282051282051283,0.0,1.0,156.0,442.9413703275677,2.4160438381503693,0.0
90.0,660.0,-0.4226182617406993,-0.90630778703665,0.0,0.0,0.0,0.0,1.0,584.0,5.0,40.0,1369.1183963594015,7.467918525596735,0.0
-7.0,780.0,-0.4226182617406993,-0.90630778703665,12.0,9.72,8.83713377364705,0.632726884499146,0.3333333333333333,0.0,1.0,75.0,813.3051819755897,3.753716224502722,0.0
-5.0,660.0,-0.4226182617406993,-0.90630778703665,0.0,23.233576642335766,20.186453061586366,3.569133115014846,0.27007299270072993,0.0,1.0,137.0,2684.5169044116337,14.64281947860891,0.0
16.0,660.0,-0.4226182617406993,-0.90630778703665,29.0,7.390243902439025,10.0289290063138,2.4936120584616197,0.4878048780487805,0.0,9.0,41.0,3638.16070213477,19.84451292073511,0.0
14.0,660.0,-0.44228869021900147,-0.8968727415326883,20.0,23.655172413793103,19.63964298795707,-1.8689317917070456,0.21379310344827587,0.0,3.0,145.0,702.1471275841567,3.829893423186309,0.0
-51.0,720.0,-0.44228869021900147,-0.8968727415326883,9.0,0.25,1.4097872179871684,0.14542603589777808,0.975,0.0,5.0,40.0,777.4639225884341,3.887319612942171,0.0
107.0,660.0,-0.44228869021900147,-0.8968727415326883,17.0,10.233766233766234,9.870454540114666,-0.2894584848481008,0.3116883116883117,0.0,0.0,77.0,377.88873050764784,2.0612112573144428,0.0
-13.0,660.0,-0.44228869021900147,-0.8968727415326883,0.0,17.375,12.511036794233588,1.332032825117972,0.14583333333333334,0.0,10.0,48.0,3124.345887076898,17.04188665678308,0.0
48.0,720.0,-0.46174861323503413,-0.8870108331782216,28.0,14.742857142857142,13.813229387889313,-0.17227220874402704,0.2714285714285714,0.0,3.0,140.0,2856.105650522625,14.280528252613127,0.0
-10.0,660.0,-0.46174861323503413,-0.8870108331782216,8.0,7.531914893617022,10.020937790722126,1.9000907930305764,0.5106382978723404,0.0,3.0,47.0,1444.6451861281612,7.8798828334263336,0.0
107.0,660.0,-0.46174861323503413,-0.8870108331782216,0.0,5.633333333333334,9.128648433487962,-1.3665672666187763,0.55,211.0,12.0,60.0,1248.063175605912,6.807617321486792,0.0
16.0,660.0,-0.46174861323503413,-0.8870108331782216,47.0,20.18867924528302,14.009507019693887,-0.4406801156940981,0.11320754716981132,0.0,5.0,53.0,2222.3751362413095,12.122046197679872,0.0
107.0,780.0,-0.4809887689193874,-0.8767267557075078,4.0,13.127272727272727,10.864545416511362,0.02148112727053483,0.14545454545454545,0.0,5.0,55.0,1651.3139842490057,7.621449158072334,0.0
31.0,660.0,-0.4809887689193874,-0.8767267557075078,67.0,27.771428571428572,27.39977655204584,-3.809127271587372,0.18571428571428572,0.0,249.0,70.0,1201.7184830082533,6.554828089135927,0.0
155.0,720.0,-0.4809887689193874,-0.8767267557075078,0.0,1.1224489795918366,2.932106946439045,-0.44964201049822683,0.8367346938775511,516.0,7.0,49.0,997.9121160350809,4.989560580175405,0.0
237.0,720.0,-0.4809887689193874,-0.8767267557075078,0.0,11.537735849056604,12.954327992665041,-1.5490450022517657,0.4056603773584906,240.0,3.0,106.0,4165.141788116905,20.825708940584526,0.0
-74.0,660.0,-0.4809887689193874,-0.8767267557075078,0.0,18.056603773584907,14.60345667834202,-0.445005269202631,0.1509433962264151,0.0,11.0,53.0,2506.453047390427,13.671562076675055,0.0
267.0,660.0,-0.4999999999999997,-0.8660254037844388,29.0,10.379746835443038,12.403861992983114,1.413092940213705,0.4936708860759494,0.0,3.0,79.0,4193.095230969086,22.87142853255865,0.0
243.0,660.0,-0.4999999999999997,-0.8660254037844388,0.0,7.3076923076923075,9.433040258618114,-1.0616122398694219,0.47692307692307695,14.0,0.0,65.0,912.0340089428734,4.974730957870218,0.0
167.0,720.0,-0.4999999999999997,-0.8660254037844388,2.0,4.94,8.862076506101715,1.5293268572855125,0.66,0.0,2.0,50.0,2213.44657072848,11.0672328536424,0.0
120.0,720.0,-0.4999999999999997,-0.8660254037844388,5.0,14.55,11.204798079394381,0.2540151279361757,0.13333333333333333,0.0,3.0,60.0,1899.3302395887965,9.496651197943983,0.0
39.0,660.0,-0.4999999999999997,-0.8660254037844388,8.0,14.708333333333334,12.528232007040028,-0.8366932211043075,0.20833333333333334,0.0,11.0,48.0,3932.293262632252,21.448872341630466,0.0
169.0,660.0,-0.5187732581605216,-0.8549118706729465,9.0,16.073529411764707,11.233243961393953,0.06010155290745858,0.11764705882352941,0.0,7.0,68.0,1457.005998481531,7.947305446262896,0.0
161.0,660.0,-0.5187732581605216,-0.8549118706729465,31.0,13.107692307692307,11.696315102725666,1.5991933764998885,0.26153846153846155,0.0,6.0,65.0,3016.151086143327,16.451733197145423,0.0
159.0,660.0,-0.5187732581605216,-0.8549118706729465,13.0,14.018018018018019,13.91219698324374,0.30475061529321185,0.3063063063063063,0.0,3.0,111.0,4170.917717744875,22.750460278608408,0.0
41.0,660.0,-0.5187732581605216,-0.8549118706729465,0.0,16.804347826086957,14.004067057104754,1.1054174320991268,0.17391304347826086,0.0,5.0,46.0,3952.9831517549515,21.561726282299734,0.0
-52.0,660.0,-0.5187732581605216,-0.8549118706729465,15.0,2.6923076923076925,4.932383031239961,0.10907634577537388,0.6923076923076923,0.0,0.0,52.0,1361.963164792168,7.428889989775463,0.0
86.0,660.0,-0.5372996083468236,-0.8433914458128858,17.0,15.5,11.550233536030435,-0.2989763289682858,0.17105263157894737,0.0,9.0,76.0,2991.1582962471152,16.315408888620627,0.0
277.0,900.0,-0.5372996083468236,-0.8433914458128858,0.0,0.0,0.0,0.0,1.0,584.0,5.0,40.0,111.21236268734006,0.4448494507493603,0.0
62.0,660.0,-0.5372996083468236,-0.8433914458128858,0.0,20.3986013986014,18.377220568033454,1.4255748825772685,0.24475524475524477,8.0,0.0,143.0,3685.0032918033867,20.100017955291204,0.0
12.0,660.0,-0.5372996083468236,-0.8433914458128858,15.0,5.566666666666666,7.579284633496459,0.9895047389613685,0.55,0.0,0.0,60.0,585.0855883269901,3.191375936329037,0.0
138.0,660.0,-0.5372996083468236,-0.8433914458128858,7.0,15.580645161290322,11.49129879390766,-0.5178521696086505,0.16129032258064516,0.0,7.0,62.0,592.0690903216387,3.229467765390756,0.0
277.0,660.0,-0.555570233019602,-0.8314696123025455,0.0,0.0,0.0,0.0,1.0,586.0,3.0,41.0,44.86106161206208,0.2446966997021568,0.0
28.0,660.0,-0.555570233019602,-0.8314696123025455,3.0,9.973333333333333,11.35602434344383,0.3649005838116351,0.3466666666666667,0.0,0.0,75.0,42.70054151618091,0.23291204463371407,0.0
55.0,720.0,-0.555570233019602,-0.8314696123025455,34.0,22.918367346938776,18.970980417857064,-1.2722427577902011,0.23129251700680273,0.0,3.0,147.0,5571.974831873421,27.859874159367106,0.0
21.0,660.0,-0.555570233019602,-0.8314696123025455,14.0,13.039473684210526,11.621713785063676,-0.49406940482831174,0.23684210526315788,0.0,8.0,76.0,1682.8099487096938,9.178963356598329,0.0
-92.0,720.0,-0.555570233019602,-0.8314696123025455,0.0,0.42857142857142855,1.2562767579307543,-0.07156875451296958,0.8809523809523809,346.0,12.0,42.0,43.89214637375824,0.2194607318687912,0.0
86.0,660.0,-0.555570233019602,-0.8314696123025455,31.0,15.385964912280702,12.248529286529848,-0.051980129861575304,0.22807017543859648,0.0,9.0,57.0,1349.2314098753375,7.359444053865477,0.0
277.0,660.0,-0.5735764363510458,-0.819152044288992,0.0,0.0,0.0,0.0,1.0,587.0,2.0,41.0,941.8147920573265,5.137171593039962,0.0
12.0,660.0,-0.5735764363510458,-0.819152044288992,5.0,16.91044776119403,13.421670318103782,0.027848703530002784,0.14925373134328357,0.0,1.0,67.0,1866.5165640838989,10.18099944045763,0.0
96.0,720.0,-0.5735764363510458,-0.819152044288992,28.0,16.773722627737225,15.59149716840117,-0.7514920739870212,0.25547445255474455,0.0,7.0,137.0,4878.035171834472,24.39017585917236,0.0
-92.0,720.0,-0.5735764363510458,-0.819152044288992,0.0,0.0,0.0,0.0,1.0,586.0,12.0,40.0,850.8121419776173,4.254060709888087,0.0
36.0,660.0,-0.5735764363510458,-0.819152044288992,29.0,15.72,14.907322585449968,1.2724224516529081,0.26666666666666666,0.0,10.0,75.0,1558.7533796109649,8.502291161514353,0.0
60.0,660.0,-0.5735764363510458,-0.819152044288992,11.0,11.523809523809524,11.728553061486306,0.01270237112454686,0.2857142857142857,0.0,1.0,84.0,1244.6801442510944,6.7891644231877875,0.0
-92.0,660.0,-0.5913096483635824,-0.8064446042674825,0.0,0.0,0.0,0.0,1.0,586.0,12.0,40.0,1494.3599758771554,8.151054413875393,0.0
-27.0,660.0,-0.5913096483635824,-0.8064446042674825,15.0,15.823529411764707,13.562427746048346,-0.07032169876436274,0.14705882352941177,0.0,2.0,68.0,1277.1451102853202,6.966246056101747,0.0
77.0,660.0,-0.5913096483635824,-0.8064446042674825,0.0,0.0,0.0,0.0,1.0,586.0,3.0,40.0,1952.1439489639422,10.648057903439685,0.0
-27.0,720.0,-0.5913096483635824,-0.8064446042674825,21.0,17.423076923076923,14.895808419863029,-0.5078619418369711,0.2564102564102564,0.0,12.0,78.0,2759.6343132067354,13.798171566033679,0.0
-78.0,660.0,-0.6087614290087207,-0.7933533402912352,12.0,18.240963855421686,15.77369348947476,1.075104097171433,0.27710843373493976,0.0,0.0,83.0,2232.23921984732,12.17585029007629,0.0
19.0,660.0,-0.6087614290087207,-0.7933533402912352,2.0,16.627118644067796,11.676280904705255,1.258082450677488,0.11864406779661017,0.0,3.0,59.0,1468.505588306734,8.010030481673095,0.0
49.0,840.0,-0.6087614290087207,-0.7933533402912352,12.0,24.14074074074074,19.518713893181992,0.5751342255011745,0.18518518518518517,0.0,9.0,135.0,448.2061664864059,1.9208835706560254,0.0
242.0,720.0,-0.6087614290087207,-0.7933533402912352,10.0,3.9047619047619047,8.720008529401476,1.6613876678463386,0.7380952380952381,0.0,11.0,42.0,1897.8167148202328,9.489083574101164,0.0
0.0,720.0,-0.6087614290087207,-0.7933533402912352,18.0,10.461538461538462,15.09261349960704,-17.209528439474965,0.38461538461538464,0.0,1.0,13.0,2671.476711437522,13.357383557187612,0.0
59.0,840.0,-0.6087614290087207,-0.7933533402912352,2.0,1.8571428571428572,5.1941882750565265,0.7921994182512762,0.8095238095238095,0.0,12.0,42.0,1974.2981832443427,8.461277928190041,0.0
49.0,660.0,-0.6259234721840591,-0.7798844830928818,0.0,16.92241379310345,16.42598386391941,-2.806831402312165,0.27586206896551724,82.0,1.0,116.0,390.87456094398453,2.1320430596944613,0.0
0.0,660.0,-0.6259234721840591,-0.7798844830928818,35.0,17.8018018018018,13.503966597656683,1.7381528421370975,0.18018018018018017,0.0,1.0,111.0,3063.7712902814005,16.711479765171276,0.0
-49.0,660.0,-0.6259234721840591,-0.7798844830928818,31.0,16.233333333333334,10.198638253326873,-1.0902287841268359,0.15,0.0,3.0,60.0,847.2033583843819,4.621109227551174,0.0
-169.0,720.0,-0.6259234721840591,-0.7798844830928818,4.0,16.46153846153846,15.68168318060041,-1.5034461558666814,0.2692307692307692,0.0,0.0,78.0,1768.5818513760864,8.842909256880432,0.0
30.0,660.0,-0.6259234721840591,-0.7798844830928818,13.0,7.714285714285714,9.12498252724075,1.1806275238089126,0.4489795918367347,0.0,12.0,49.0,2280.810326359234,12.440783598323094,0.0
132.0,660.0,-0.6259234721840591,-0.7798844830928818,15.0,9.962264150943396,12.48540621920353,1.5942865021093924,0.4528301886792453,0.0,2.0,53.0,739.4303757874426,4.033256595204232,0.0
114.0,780.0,-0.6427876096865389,-0.7660444431189783,14.0,10.037735849056604,8.628522828061314,-0.6656217042628605,0.2830188679245283,0.0,12.0,53.0,3161.364498067486,14.590913068003783,0.0
-150.0,720.0,-0.6427876096865389,-0.7660444431189783,5.0,11.13888888888889,10.079276808762339,-0.39840598948372846,0.2638888888888889,0.0,0.0,72.0,1119.5482151889946,5.597741075944973,0.0
50.0,660.0,-0.6427876096865389,-0.7660444431189783,31.0,13.685185185185185,14.098626245231962,1.5276104323135982,0.35185185185185186,0.0,10.0,54.0,1919.9162805072785,10.472270620948793,0.0
49.0,660.0,-0.6427876096865389,-0.7660444431189783,0.0,4.464788732394366,6.848112695522559,-1.2711208063525394,0.6056338028169014,0.0,1.0,71.0,894.5584120285251,4.879409520155591,0.0
0.0,720.0,-0.6427876096865389,-0.7660444431189783,4.0,17.725,12.743601335572295,0.003132896981734264,0.16875,0.0,4.0,160.0,2050.958448631694,10.25479224315847,0.0
54.0,780.0,-0.6593458151000688,-0.7518398074789774,11.0,13.578947368421053,12.460389687833544,-0.34861964019575753,0.21052631578947367,0.0,0.0,57.0,1992.827342468138,9.197664657545253,0.0
53.0,720.0,-0.6593458151000688,-0.7518398074789774,9.0,12.771929824561404,12.10917811089552,-0.29359402598125184,0.2807017543859649,0.0,4.0,57.0,788.9682253763181,3.944841126881591,0.0
14.0,720.0,-0.6593458151000688,-0.7518398074789774,0.0,0.5,1.9685019685029528,0.22737324126049868,0.9166666666666666,0.0,2.0,48.0,3922.486571165457,19.612432855827286,0.0
14.0,720.0,-0.6593458151000688,-0.7518398074789774,10.0,15.962962962962964,16.29810596012669,2.316970119016287,0.24074074074074073,0.0,0.0,54.0,1235.9846732982326,6.179923366491162,0.0
-181.0,660.0,-0.6593458151000688,-0.7518398074789774,24.0,12.811764705882354,10.22855762087012,0.500959478537309,0.2235294117647059,0.0,0.0,85.0,1013.578691785384,5.528611046102094,0.0
0.0,660.0,-0.6593458151000688,-0.7518398074789774,8.0,21.687898089171973,15.454413548554394,1.2688773255142576,0.1592356687898089,0.0,1.0,157.0,1144.2372480706501,6.241294080385365,0.0
53.0,660.0,-0.6755902076156601,-0.7372773368101241,0.0,16.055555555555557,17.176013277206252,-1.8058475803253295,0.3148148148148148,0.0,2.0,54.0,430.7786576789817,2.349701769158082,0.0
49.0,660.0,-0.6755902076156601,-0.7372773368101241,0.0,11.88888888888889,11.904973543092332,-0.5825082111058353,0.3333333333333333,90.0,4.0,54.0,807.5480144326043,4.404807351450569,0.0
-288.0,900.0,-0.6755902076156601,-0.7372773368101241,2.0,12.01010101010101,9.838591249135963,0.06994693736136573,0.24242424242424243,0.0,0.0,99.0,176.11132333349724,0.704445293333989,0.0
36.0,720.0,-0.6755902076156601,-0.7372773368101241,12.0,12.092307692307692,11.13376441546935,0.2270032022935321,0.23076923076923078,0.0,2.0,65.0,1477.0906205141705,7.385453102570852,0.0
14.0,660.0,-0.6755902076156601,-0.7372773368101241,51.0,13.186046511627907,15.94504488745494,2.9302236810590196,0.4069767441860465,0.0,1.0,86.0,4345.4881082504335,23.702662408638727,0.0
-25.0,660.0,-0.6755902076156601,-0.7372773368101241,16.0,19.96987951807229,14.920845246736205,-2.230023080481166,0.15060240963855423,0.0,3.0,166.0,574.3597024296646,3.132871104161807,0.0
49.0,720.0,-0.691513055782269,-0.722363962059756,0.0,6.659574468085107,10.796525437428942,-2.3377212976317696,0.6382978723404256,390.0,4.0,47.0,1148.1877589721648,5.740938794860825,0.0
-115.0,660.0,-0.691513055782269,-0.722363962059756,61.0,24.825757575757574,19.548500760974907,2.0294767185253653,0.15151515151515152,0.0,1.0,132.0,3284.348313811698,17.914627166245626,0.0
-158.0,780.0,-0.691513055782269,-0.722363962059756,0.0,8.35632183908046,8.927520425845625,-0.5171749145560283,0.41379310344827586,61.0,14.0,87.0,355.45880765582933,1.640579112257674,0.0
-13.0,660.0,-0.691513055782269,-0.722363962059756,0.0,13.74,12.423864133191412,0.7145052101526478,0.28,2.0,6.0,50.0,873.586373542464,4.765016582958895,0.0
-265.0,660.0,-0.691513055782269,-0.722363962059756,0.0,11.638461538461538,8.518761056681212,-0.37701166339461345,0.19230769230769232,16.0,3.0,130.0,797.9898414414024,4.352671862407649,0.0
-18.0,720.0,-0.691513055782269,-0.722363962059756,6.0,13.21311475409836,11.626869324900271,0.12106662949799708,0.22950819672131148,0.0,4.0,61.0,2263.2974940003974,11.316487470001988,0.0
-314.0,660.0,-0.7071067811865471,-0.7071067811865479,0.0,1.511111111111111,2.879986282546207,-0.5175984330145917,0.7333333333333333,159.0,10.0,45.0,989.3106550502034,5.396239936637473,0.0
-70.0,720.0,-0.7071067811865471,-0.7071067811865479,34.0,15.106382978723405,12.299859958644387,-1.8724431068056964,0.19148936170212766,0.0,6.0,47.0,2401.753281656824,12.00876640828412,0.0
16.0,660.0,-0.7071067811865471,-0.7071067811865479,29.0,11.621951219512194,12.132038056825184,-0.1702344499769806,0.3048780487804878,0.0,1.0,82.0,1207.4105343764354,6.585875642053284,0.0
-114.0,660.0,-0.7071067811865471,-0.7071067811865479,16.0,11.084615384615384,8.430744665882237,0.08831663975396482,0.17692307692307693,0.0,1.0,130.0,1387.8395346610716,7.570033825424027,0.0
50.0,720.0,-0.7071067811865471,-0.7071067811865479,40.0,10.477272727272727,16.411593236550296,4.0661671168982805,0.5454545454545454,0.0,6.0,44.0,2382.9767523592373,11.914883761796187,0.0
294.0,720.0,-0.7223639620597557,-0.6915130557822692,1.0,1.425531914893617,4.661954118867778,0.44351268582930037,0.851063829787234,0.0,3.0,47.0,1596.2035129105038,7.981017564552519,0.0
216.0,720.0,-0.7223639620597557,-0.6915130557822692,41.0,20.55,17.43265613726147,1.3786971685728548,0.225,0.0,6.0,40.0,4725.619614966004,23.628098074830017,0.0
-156.0,840.0,-0.7223639620597557,-0.6915130557822692,5.0,13.022556390977444,10.967803986757461,0.6533016469940546,0.18045112781954886,0.0,1.0,133.0,1887.844210318356,8.090760901364384,0.0
-83.0,660.0,-0.7223639620597557,-0.6915130557822692,28.0,15.803921568627452,14.001427949366432,0.9315871947329347,0.21568627450980393,0.0,2.0,51.0,2449.7834589608683,13.362455230695646,0.0
-83.0,660.0,-0.7372773368101239,-0.6755902076156604,1.0,12.85430463576159,10.815978706404508,-0.11704649402202141,0.2251655629139073,0.0,3.0,151.0,2780.970300749786,15.168928913180652,0.0
432.0,720.0,-0.7372773368101239,-0.6755902076156604,0.0,4.066666666666666,6.502649032851492,0.49869765596030047,0.6666666666666666,66.0,12.0,45.0,2574.839717552089,12.874198587760446,0.0
140.0,900.0,-0.7372773368101239,-0.6755902076156604,10.0,10.763157894736842,9.260653070429683,0.428887981667951,0.2631578947368421,0.0,7.0,76.0,863.2904958325595,3.4531619833302383,0.0
-31.0,780.0,-0.7372773368101239,-0.6755902076156604,4.0,20.78,15.528412668395955,0.21381262546545832,0.16,0.0,14.0,50.0,1578.0255850663375,7.283195007998481,0.0
295.0,720.0,-0.7518398074789773,-0.6593458151000691,16.0,10.226666666666667,10.177849587325518,-0.6435268395685619,0.29333333333333333,0.0,1.0,75.0,61.67025019671406,0.3083512509835703,0.0
121.0,660.0,-0.7518398074789773,-0.6593458151000691,39.0,25.65,13.591449517987403,-0.5485928705440901,0.075,0.0,6.0,40.0,3207.6385894160485,17.496210487723904,0.0
427.0,720.0,-0.7518398074789773,-0.6593458151000691,5.0,7.295454545454546,5.9336465311834,0.23104160973528678,0.2727272727272727,0.0,7.0,44.0,3749.02757131562,18.7451378565781,0.0
-71.0,660.0,-0.7518398074789773,-0.6593458151000691,24.0,13.748466257668712,10.273764047756993,0.6816840742278437,0.1901840490797546,0.0,1.0,163.0,2549.227945947052,13.904879705165738,0.0
121.0,660.0,-0.7660444431189779,-0.6427876096865395,51.0,26.03846153846154,13.060453429608875,2.077264957264957,0.07692307692307693,0.0,216.0,26.0,1734.0980086184247,9.458716410645954,0.0
295.0,660.0,-0.7660444431189779,-0.6427876096865395,2.0,7.507936507936508,9.493310954817485,-0.41133181907561056,0.38095238095238093,0.0,7.0,63.0,921.1328967998553,5.024361255271938,0.0
-155.0,720.0,-0.7660444431189779,-0.6427876096865395,0.0,16.692307692307693,11.28023878214679,-0.168404716056866,0.16923076923076924,0.0,3.0,130.0,2099.610223279265,10.498051116396324,0.0
345.0,660.0,-0.7660444431189779,-0.6427876096865395,26.0,10.652173913043478,8.447323711258953,0.9880840766945513,0.10869565217391304,0.0,7.0,46.0,4270.793628655632,23.295237974485268,0.0
121.0,780.0,-0.7798844830928814,-0.6259234721840596,99.0,51.75,44.00071022154074,4.442248402550073,0.25,0.0,9.0,16.0,19028.15530405782,87.82225524949762,0.0
320.0,720.0,-0.7798844830928814,-0.6259234721840596,24.0,11.652173913043478,10.593717152170386,0.22295052162985915,0.1956521739130435,0.0,15.0,46.0,5715.488681360997,28.577443406804985,0.0
-90.0,660.0,-0.7798844830928814,-0.6259234721840596,16.0,15.099173553719009,10.566127822822617,-0.6806986797925796,0.2231404958677686,0.0,1.0,121.0,1598.6009970970242,8.719641802347404,0.0
-7.0,660.0,-0.7798844830928814,-0.6259234721840596,3.0,4.228070175438597,7.0835057824861005,-0.934315580869737,0.5263157894736842,0.0,7.0,57.0,1433.7775601428807,7.820604873506623,0.0
65.0,720.0,-0.7933533402912349,-0.6087614290087209,13.0,13.89041095890411,11.709452502713546,0.2172601062817179,0.273972602739726,0.0,3.0,73.0,167.74563186296547,0.8387281593148274,0.0
60.0,660.0,-0.7933533402912349,-0.6087614290087209,5.0,4.836065573770492,6.883528279121876,0.645074870068324,0.5409836065573771,0.0,3.0,61.0,786.1972348088933,4.288348553503054,0.0
101.0,720.0,-0.7933533402912349,-0.6087614290087209,0.0,7.016666666666667,13.173827166857102,-0.7191415291523511,0.7333333333333333,274.0,9.0,60.0,4171.752729256575,20.858763646282874,0.0
0.0,840.0,-0.7933533402912349,-0.6087614290087209,100.0,86.51724137931035,35.032616024120436,7.716383732743182,0.13793103448275862,0.0,10.0,29.0,19315.70257372726,82.78158245883112,0.0
228.0,720.0,-0.7933533402912349,-0.6087614290087209,48.0,12.782608695652174,11.81913158635509,1.0602437582986584,0.21739130434782608,0.0,3.0,46.0,6464.610658965927,32.323053294829634,0.0
-51.0,780.0,-0.7933533402912349,-0.6087614290087209,24.0,9.423076923076923,9.381541110578125,0.8169744660054936,0.28846153846153844,0.0,0.0,52.0,3025.8282592960195,13.96536119675086,0.0
-36.0,660.0,-0.8064446042674827,-0.5913096483635822,25.0,12.192982456140351,11.365442538124572,0.7765673482096956,0.2807017543859649,0.0,0.0,57.0,1546.015881339456,8.432813898215215,0.0
51.0,660.0,-0.8064446042674827,-0.5913096483635822,34.0,9.191780821917808,10.368098508969087,0.5148498260069756,0.3698630136986301,0.0,5.0,73.0,39.8048904477355,0.21711758426037547,0.0
0.0,720.0,-0.8064446042674827,-0.5913096483635822,100.0,97.87878787878788,4.7974587702214055,-0.42517435105996804,0.0,0.0,12.0,33.0,18287.757427218683,91.43878713609342,0.0
207.0,720.0,-0.8064446042674827,-0.5913096483635822,26.0,21.571428571428573,16.086500868867713,1.5814244435861136,0.12244897959183673,0.0,5.0,49.0,5595.582896008486,27.977914480042433,0.0
143.0,720.0,-0.8064446042674827,-0.5913096483635822,28.0,16.029411764705884,13.58412848558209,-0.4237659568172085,0.27941176470588236,0.0,13.0,68.0,2397.9385635523736,11.989692817761869,0.0
104.0,660.0,-0.8064446042674827,-0.5913096483635822,7.0,10.892857142857142,13.655644094888329,1.9721024280885036,0.44047619047619047,0.0,3.0,84.0,3518.4106185028018,19.19133064637892,0.0
-28.0,900.0,-0.8191520442889916,-0.5735764363510464,0.0,0.0,0.0,0.0,0.0,0.0,3600.0,0.0,-1.0,-1.0,1.0
0.0,720.0,-0.8191520442889916,-0.5735764363510464,110.0,91.95652173913044,20.604934531129576,-2.0417522539265143,0.0,0.0,63.0,23.0,18322.681868123524,91.61340934061762,0.0
-207.0,780.0,-0.8191520442889916,-0.5735764363510464,0.0,0.0,0.0,0.0,1.0,584.0,2.0,40.0,25.48659905993746,0.11763045719971135,0.0
0.0,660.0,-0.8191520442889916,-0.5735764363510464,46.0,19.603174603174605,16.054510005266316,1.6238716229967005,0.20634920634920634,0.0,3.0,126.0,2944.185688720095,16.059194665745974,0.0
175.0,660.0,-0.8191520442889916,-0.5735764363510464,2.0,27.081632653061224,15.591516184331807,-1.0954975093698973,0.04081632653061224,0.0,5.0,49.0,4890.354412407499,26.674660431313633,0.0
157.0,660.0,-0.8191520442889916,-0.5735764363510464,4.0,13.466666666666667,13.649745622375368,-1.4413093783970783,0.31666666666666665,0.0,13.0,60.0,3344.785861886824,18.244286519382676,0.0
59.0,660.0,-0.8191520442889916,-0.5735764363510464,16.0,12.141176470588235,11.838275849400754,0.7323960608574086,0.25882352941176473,0.0,5.0,85.0,1243.1356347157457,6.780739825722249,0.0
-60.0,660.0,-0.8191520442889916,-0.5735764363510464,15.0,12.741379310344827,12.494909784039903,-0.4581364301345484,0.3103448275862069,0.0,6.0,58.0,1253.9926109213727,6.83995969593476,0.0
164.0,660.0,-0.8314696123025452,-0.5555702330196022,14.0,15.06060606060606,17.046175068946564,2.08237784713505,0.3484848484848485,0.0,3.0,66.0,2924.060283286458,15.949419727017043,0.0
-120.0,660.0,-0.8314696123025452,-0.5555702330196022,42.0,23.0,18.622486205692383,0.8083600507132243,0.2556390977443609,0.0,3.0,133.0,2439.644936868525,13.307154201101046,0.0
-28.0,660.0,-0.8314696123025452,-0.5555702330196022,0.0,0.0,0.0,0.0,1.0,210.0,14.0,17.0,38.44370303490685,0.20969292564494643,0.0
0.0,660.0,-0.8314696123025452,-0.5555702330196022,110.0,85.33333333333333,30.601379780076,-1.585420343602692,0.0,0.0,363.0,9.0,20095.871668428186,109.61384546415374,0.0
-207.0,660.0,-0.8314696123025452,-0.5555702330196022,0.0,0.40476190476190477,1.2735313447920316,0.08679338888184268,0.9047619047619048,150.0,6.0,42.0,551.7017429826756,3.0092822344509575,0.0
197.0,660.0,-0.8314696123025452,-0.5555702330196022,6.0,24.208333333333332,15.004108233710157,-0.3557637251794348,0.0625,0.0,1.0,48.0,4702.513206795648,25.650072037067172,0.0
-131.0,660.0,-0.8314696123025452,-0.5555702330196022,21.0,15.916666666666666,14.71087088592046,0.17549079701936965,0.2833333333333333,0.0,0.0,60.0,1534.7019601698064,8.371101600926217,0.0
-140.0,720.0,-0.8433914458128859,-0.5372996083468234,21.0,18.271317829457363,17.761884082785315,-1.9301719823049537,0.31007751937984496,0.0,3.0,129.0,4722.089045780483,23.610445228902414,0.0
0.0,660.0,-0.8433914458128859,-0.5372996083468234,1.0,27.933333333333334,13.398839087357118,-1.9952606635071086,0.13333333333333333,15.0,1.0,15.0,2031.3074027353466,11.079858560374618,0.0
-171.0,720.0,-0.8433914458128859,-0.5372996083468234,20.0,17.24561403508772,13.5456093770229,-1.3882592421933455,0.21052631578947367,0.0,0.0,57.0,1385.114685654118,6.92557342827059,0.0
-207.0,660.0,-0.8433914458128859,-0.5372996083468234,0.0,0.40476190476190477,1.2735313447920313,-0.14870053089910182,0.9047619047619048,450.0,6.0,42.0,1299.7644059959368,7.08962403270511,0.0
-28.0,660.0,-0.8433914458128859,-0.5372996083468234,0.0,0.0,0.0,0.0,1.0,510.0,14.0,38.0,996.1181412301095,5.433371679436961,0.0
77.0,660.0,-0.8433914458128859,-0.5372996083468234,4.0,16.157894736842106,15.856305927709966,-0.3621574199932002,0.2236842105263158,0.0,3.0,76.0,2111.022484947805,11.5146680997153,0.0
158.0,660.0,-0.8433914458128859,-0.5372996083468234,2.0,12.555555555555555,10.890022616716303,0.09414027450900092,0.24691358024691357,0.0,3.0,81.0,863.179089444162,4.708249578786338,0.0
98.0,660.0,-0.8433914458128859,-0.5372996083468234,15.0,22.872340425531913,14.106912476824663,-0.41225491341047166,0.0851063829787234,0.0,9.0,47.0,3818.606251046825,20.82876136934632,0.0
53.0,660.0,-0.8549118706729466,-0.5187732581605214,6.0,1.25,3.6314597615834874,0.6304000021735003,0.875,0.0,14.0,40.0,1573.09265714639,8.580505402616673,0.0
-120.0,720.0,-0.8549118706729466,-0.5187732581605214,17.0,12.390977443609023,12.660301215380022,-0.12942692058566432,0.3533834586466165,0.0,9.0,133.0,4220.534584650927,21.102672923254634,0.0
170.0,720.0,-0.8549118706729466,-0.5187732581605214,10.0,12.885714285714286,10.575636228267927,-0.21102876751123603,0.2,0.0,3.0,70.0,1060.086608138633,5.300433040693165,0.0
-93.0,660.0,-0.8549118706729466,-0.5187732581605214,12.0,12.5,9.7501187077294,-0.8568085496090785,0.2037037037037037,0.0,0.0,54.0,591.2252134625755,3.2248648007049576,0.0
0.0,720.0,-0.8549118706729466,-0.5187732581605214,0.0,26.90909090909091,18.67320822017898,-1.7335722819593786,0.21212121212121213,0.0,1.0,33.0,1742.9867591232698,8.71493379561635,0.0
-35.0,660.0,-0.8549118706729466,-0.5187732581605214,0.0,0.0,0.0,0.0,1.0,584.0,14.0,42.0,1714.2604054832027,9.350511302635653,0.0
84.0,900.0,-0.8549118706729466,-0.5187732581605214,26.0,23.361702127659573,12.736988407724414,-0.9244345073440696,0.06382978723404255,0.0,3.0,47.0,2774.9313089144566,11.099725235657827,0.0
84.0,720.0,-0.8660254037844385,-0.5000000000000004,2.0,22.142857142857142,12.701839815313273,-3.112317413129701,0.07142857142857142,0.0,257.0,28.0,2541.397470218598,12.70698735109299,0.0
78.0,660.0,-0.8660254037844385,-0.5000000000000004,11.0,6.095238095238095,7.497543059392034,1.7133789226107126,0.5396825396825397,0.0,0.0,63.0,1912.9901886997252,10.434491938362138,0.0
6.0,660.0,-0.8660254037844385,-0.5000000000000004,29.0,9.549019607843137,7.842352901956863,-0.30140521717117236,0.17647058823529413,0.0,0.0,51.0,2078.2149438737656,11.335717875675085,0.0
0.0,720.0,-0.8660254037844385,-0.5000000000000004,0.0,12.342105263157896,20.010886926067695,-4.625434509097962,0.6578947368421053,300.0,1.0,38.0,3008.316524657886,15.041582623289429,0.0
-57.0,660.0,-0.8660254037844385,-0.5000000000000004,0.0,11.671875,10.234828234238961,-1.2228910474782706,0.28125,60.0,0.0,64.0,193.88141158122758,1.0575349722612415,0.0
84.0,720.0,-0.8767267557075072,-0.48098876891938847,2.0,14.0,8.215838362577491,-46.19469026548673,0.0,0.0,557.0,4.0,1603.7605836398875,8.018802918199437,0.0
-74.0,840.0,-0.8767267557075072,-0.48098876891938847,12.0,25.754545454545454,16.231947378625875,-2.4508734381488764,0.14545454545454545,0.0,12.0,110.0,47.42717795614932,0.2032593340977828,0.0
76.0,660.0,-0.8767267557075072,-0.48098876891938847,9.0,9.506666666666666,7.602408974938288,0.3884477482716216,0.28,0.0,2.0,75.0,1860.3592137167216,10.1474138930003,0.0
148.0,660.0,-0.8767267557075072,-0.48098876891938847,37.0,3.9,9.161877536837087,1.9575306580373184,0.8,0.0,10.0,40.0,3265.5027944467943,17.81183342425524,0.0
-57.0,660.0,-0.8767267557075072,-0.48098876891938847,0.0,5.666666666666667,8.931840671316175,-1.6727530024465591,0.6481481481481481,360.0,0.0,54.0,1445.7429240454583,7.8858704947934095,0.0
83.0,720.0,-0.8870108331782218,-0.4617486132350336,0.0,12.712328767123287,9.731293191533354,0.8680189869473205,0.2328767123287671,0.0,0.0,73.0,2552.869690940865,12.764348454704324,0.0
319.0,660.0,-0.8870108331782218,-0.4617486132350336,42.0,16.055555555555557,18.196373943490997,3.3543691348636653,0.4166666666666667,0.0,1.0,36.0,3269.8735360466285,17.835673832981612,0.0
0.0,660.0,-0.8870108331782218,-0.4617486132350336,0.0,0.0,0.0,0.0,0.0,0.0,5.0,0.0,-1.0,-1.0,1.0
-106.0,720.0,-0.8870108331782218,-0.4617486132350336,28.0,1.9268292682926829,6.122291313068188,0.9806873858398333,0.8780487804878049,0.0,0.0,41.0,589.9698402144954,2.9498492010724773,0.0
-74.0,660.0,-0.8870108331782218,-0.4617486132350336,0.0,14.105882352941176,16.280644249004084,-4.62804495047732,0.38823529411764707,232.0,11.0,85.0,391.8739601073346,2.137494327858189,0.0
-74.0,660.0,-0.8968727415326883,-0.44228869021900136,0.0,0.49019607843137253,1.1439962467305742,-0.1833414271336515,0.8431372549019608,533.0,10.0,51.0,879.6967248921115,4.7983457721387905,0.0
0.0,660.0,-0.8968727415326883,-0.44228869021900136,0.0,0.0,0.0,0.0,0.0,0.0,5.0,0.0,-1.0,-1.0,1.0
-157.0,660.0,-0.8968727415326883,-0.44228869021900136,25.0,12.117647058823529,12.49258142027096,2.2185366148210393,0.39215686274509803,0.0,2.0,51.0,1745.30143114297,9.519825988052563,0.0
-16.0,660.0,-0.8968727415326883,-0.44228869021900136,17.0,13.560975609756097,9.002841774895046,-0.3318895739600327,0.15853658536585366,0.0,14.0,82.0,3167.759339331437,17.2786873054442,0.0
16.0,720.0,-0.9063077870366497,-0.42261826174069994,0.0,0.41304347826086957,1.1339827265865197,0.16446307829436232,0.8913043478260869,0.0,10.0,46.0,3918.908740184337,19.594543700921687,0.0
139.0,720.0,-0.9063077870366497,-0.42261826174069994,0.0,0.34782608695652173,1.0676547093746676,-0.15435812759038828,0.8913043478260869,558.0,11.0,46.0,138.77646421420565,0.6938823210710283,0.0
-129.0,780.0,-0.9063077870366497,-0.42261826174069994,11.0,16.816666666666666,12.167568459730244,-0.771134533088356,0.15,0.0,4.0,60.0,1930.6491780124888,8.910688513903795,0.0
413.0,780.0,-0.9063077870366497,-0.42261826174069994,32.0,22.775,15.5635592009026,0.35942448994853937,0.15,0.0,9.0,40.0,4119.509729270259,19.013121827401196,0.0
0.0,720.0,-0.9063077870366497,-0.42261826174069994,0.0,0.0,0.0,0.0,0.0,0.0,5.0,0.0,-1.0,-1.0,1.0
27.0,720.0,-0.9063077870366497,-0.42261826174069994,10.0,12.038461538461538,7.156568271735266,-0.005340635389192716,0.10256410256410256,0.0,12.0,78.0,2277.5994884518254,11.387997442259127,0.0
64.0,660.0,-0.9153114791194471,-0.40274668985873735,0.0,0.0,0.0,0.0,0.0,0.0,0.0,0.0,-1.0,-1.0,1.0
139.0,660.0,-0.9153114791194471,-0.40274668985873735,0.0,0.0,0.0,0.0,1.0,584.0,11.0,41.0,759.6021321885917,4.143284357392319,0.0
16.0,660.0,-0.9153114791194471,-0.40274668985873735,32.0,7.492753623188406,10.370838698779865,1.887928556041674,0.4782608695652174,0.0,9.0,69.0,5177.3632446096535,28.240163152416294,0.0
-135.0,720.0,-0.9153114791194471,-0.40274668985873735,20.0,15.133333333333333,10.985546059355547,0.06895980132066601,0.11666666666666667,0.0,1.0,60.0,1955.8448617612767,9.779224308806384,0.0
406.0,780.0,-0.9153114791194471,-0.40274668985873735,10.0,17.973684210526315,15.921661580350976,-1.9553882615363165,0.2894736842105263,0.0,9.0,38.0,2521.9730279300784,11.639875513523439,0.0
62.0,660.0,-0.9153114791194471,-0.40274668985873735,0.0,13.906666666666666,9.163948687959548,0.3487614621001793,0.14666666666666667,0.0,2.0,75.0,2341.135754693211,12.769831389235696,0.0
0.0,720.0,-0.9153114791194471,-0.40274668985873735,0.0,0.0,0.0,0.0,0.0,0.0,5.0,0.0,-1.0,-1.0,1.0
9.0,720.0,-0.9153114791194471,-0.40274668985873735,0.0,0.37209302325581395,1.2944111674489067,-0.10907092753878772,0.9069767441860465,76.0,4.0,43.0,42.14380962363599,0.21071904811817993,0.0
0.0,720.0,-0.9238795325112868,-0.3826834323650895,0.0,0.0,0.0,0.0,0.0,0.0,1.9313859939575195,0.0,-1.0,-1.0,1.0
11.0,660.0,-0.9238795325112868,-0.3826834323650895,3.0,14.916666666666666,11.5809350035114,1.2289651474059724,0.14583333333333334,0.0,7.0,48.0,3040.2526141489448,16.583196077176062,0.0
-20.0,660.0,-0.9238795325112868,-0.3826834323650895,2.0,13.581818181818182,9.046729010262437,-0.5352814158275253,0.12727272727272726,0.0,4.0,55.0,1158.7538315652735,6.320475444901492,0.0
31.0,660.0,-0.9238795325112868,-0.3826834323650895,11.0,18.19191919191919,13.827710991563187,1.6606548976857163,0.1919191919191919,0.0,9.0,99.0,4673.823861730508,25.493584700348226,0.0
112.0,660.0,-0.9238795325112868,-0.3826834323650895,35.0,15.458823529411765,10.699700865721292,0.013065658126074582,0.18823529411764706,0.0,2.0,85.0,1604.2658019399698,8.750540737854381,0.0
75.0,720.0,-0.9320078692827984,-0.3624380382837018,19.0,14.407407407407407,11.159647078115565,-0.22153677184965817,0.2222222222222222,0.0,2.0,81.0,1001.5264094179021,5.00763204708951,0.0
83.0,660.0,-0.9320078692827984,-0.3624380382837018,16.0,22.721153846153847,14.954711587611412,0.03291528989193511,0.1346153846153846,0.0,0.0,104.0,3733.9920048778827,20.367229117515723,0.0
82.0,660.0,-0.9320078692827984,-0.3624380382837018,11.0,14.25,12.397076268217438,-0.6943343339920908,0.22916666666666666,0.0,7.0,48.0,1818.611405504579,9.919698575479522,0.0
0.0,720.0,-0.9320078692827984,-0.3624380382837018,0.0,0.0,0.0,0.0,0.0,0.0,5.0,0.0,-1.0,-1.0,1.0
26.0,660.0,-0.9320078692827984,-0.3624380382837018,13.0,12.625,10.23223634961027,0.27532679270839305,0.21428571428571427,0.0,0.0,56.0,139.03681344927648,0.7583826188142354,0.0
-73.0,660.0,-0.9396926207859084,-0.34202014332566855,3.0,13.203125,11.496167415029019,-0.21578816031334658,0.203125,0.0,1.0,64.0,1319.834032308173,7.199094721680944,0.0
123.0,660.0,-0.9396926207859084,-0.34202014332566855,0.0,10.675,11.06432894485698,-1.2785889751590729,0.4125,136.0,6.0,80.0,2322.2250595028177,12.666682142742642,0.0
0.0,660.0,-0.9396926207859084,-0.34202014332566855,5.0,5.0,0.0,0.0,0.0,0.0,3.0,1.0,4246.578445195756,23.163155155613218,0.0
125.0,720.0,-0.9396926207859084,-0.34202014332566855,0.0,19.38938053097345,13.886030178907593,-0.6421060166642297,0.1504424778761062,6.0,8.0,113.0,3890.5977058566864,19.45298852928343,0.0
109.0,720.0,-0.9469301294951056,-0.3214394653031618,0.0,8.54054054054054,10.450900891193335,-0.20803943733991825,0.5,0.0,0.0,74.0,2349.272341110921,11.746361705554605,0.0
-133.0,660.0,-0.9469301294951056,-0.3214394653031618,22.0,12.242424242424242,11.07421329863457,-0.7315161995345655,0.19696969696969696,0.0,1.0,66.0,1807.1663589091218,9.85727104859521,0.0
0.0,660.0,-0.9469301294951056,-0.3214394653031618,6.0,20.333333333333332,15.01295736651806,1.943669769646107,0.125,0.0,9.0,24.0,4424.476801085093,24.133509824100507,0.0
165.0,660.0,-0.9469301294951056,-0.3214394653031618,43.0,15.741379310344827,12.66485817450245,-0.6830107371819044,0.25862068965517243,0.0,2.0,116.0,4113.666772489778,22.438182395398787,0.0
0.0,660.0,-0.9537169507482267,-0.3007057995042738,20.0,17.31111111111111,14.984172719865633,-0.06042964535375099,0.15555555555555556,0.0,3.0,45.0,4328.555265126174,23.61030144614277,0.0
231.0,660.0,-0.9537169507482267,-0.3007057995042738,12.0,10.106060606060606,10.607499902340093,0.9841372884366427,0.3939393939393939,0.0,2.0,66.0,3035.7498602346404,16.558635601279857,0.0
-88.0,660.0,-0.9537169507482267,-0.3007057995042738,18.0,14.044776119402986,13.117645442868275,0.8128800879585416,0.1791044776119403,0.0,1.0,67.0,1212.9828607583124,6.616270149590795,0.0
32.0,660.0,-0.9537169507482267,-0.3007057995042738,39.0,20.72222222222222,16.174301366407086,1.7645873836018646,0.23148148148148148,0.0,0.0,108.0,3033.338286741537,16.54548156404475,0.0
0.0,780.0,-0.9600498543859286,-0.27982901403099236,24.0,17.152173913043477,13.652468149695492,1.9539826694462334,0.10869565217391304,0.0,1.0,46.0,3478.8118295046897,16.056054597713953,0.0
290.0,660.0,-0.9600498543859286,-0.27982901403099236,15.0,10.881578947368421,9.771019320396249,-0.37679010129630175,0.3026315789473684,0.0,0.0,76.0,3206.238578505219,17.48857406457392,0.0
74.0,660.0,-0.9600498543859286,-0.27982901403099236,2.0,21.362204724409448,15.385681702102215,-2.5080859232928816,0.1732283464566929,0.0,2.0,127.0,962.0827627662171,5.247724160543002,0.0
13.0,660.0,-0.9600498543859286,-0.27982901403099236,15.0,15.80327868852459,12.779106503222097,-0.097196428600841,0.14754098360655737,0.0,1.0,61.0,1393.6470028343156,7.601710924550813,0.0
251.0,720.0,-0.9659258262890683,-0.25881904510252063,38.0,16.77777777777778,14.055665348714793,1.1569877814216345,0.2361111111111111,0.0,5.0,72.0,1360.4825914153423,6.8024129570767125,0.0
119.0,720.0,-0.9659258262890683,-0.25881904510252063,17.0,16.022727272727273,13.557099174105385,-0.8246009588622251,0.2196969696969697,0.0,0.0,132.0,2377.563676780526,11.88781838390263,0.0
-29.0,660.0,-0.9659258262890683,-0.25881904510252063,16.0,16.283333333333335,10.856782314397863,0.8257169597714128,0.11666666666666667,0.0,1.0,60.0,1082.823689901126,5.906311035824324,0.0
0.0,720.0,-0.9659258262890683,-0.25881904510252063,15.0,19.51851851851852,10.56328501924497,-7.89364751609377,0.1111111111111111,0.0,2.0,27.0,2814.7868617450963,14.073934308725482,0.0
285.0,720.0,-0.9659258262890683,-0.25881904510252063,0.0,11.483333333333333,10.947589790553089,-0.4767581709914628,0.26666666666666666,0.0,15.0,60.0,2026.1531977853394,10.130765988926699,0.0
262.0,660.0,-0.9713420698132613,-0.23768589232617343,12.0,14.468354430379748,13.528063136635986,-0.7961670811781761,0.2911392405063291,0.0,5.0,79.0,2925.0578900550345,15.954861218482007,0.0
0.0,660.0,-0.9713420698132613,-0.23768589232617343,1.0,16.11764705882353,10.668162380715572,-2.2483351385169676,0.14705882352941177,0.0,3.0,102.0,2954.8933977105967,16.11760035114871,0.0
44.0,720.0,-0.9713420698132613,-0.23768589232617343,33.0,13.205607476635514,12.763659216446865,-0.21478142930429645,0.308411214953271,0.0,8.0,107.0,4013.567654411006,20.06783827205503,0.0
174.0,660.0,-0.9713420698132613,-0.23768589232617343,33.0,12.09375,11.510482654411152,0.8453687704337233,0.3125,0.0,3.0,64.0,1962.1951670201415,10.702882729200773,0.0
-29.0,720.0,-0.9762960071199334,-0.21643961393810282,2.0,13.061538461538461,11.807268847330281,0.4098682798745249,0.23076923076923078,0.0,3.0,65.0,434.9163301189444,2.174581650594722,0.0
0.0,720.0,-0.9762960071199334,-0.21643961393810282,23.0,13.64,11.157227851636504,-0.4403863388222568,0.23333333333333334,0.0,0.0,150.0,2072.9667387959335,10.364833693979667,0.0
39.0,660.0,-0.9762960071199334,-0.21643961393810282,15.0,16.70769230769231,13.427552703215623,2.3908338206427713,0.23076923076923078,0.0,5.0,65.0,3183.920693434272,17.36684014600512,0.0
51.0,780.0,-0.9762960071199334,-0.21643961393810282,0.0,0.6744186046511628,1.8890249759211408,0.09690406011426413,0.8604651162790697,180.0,3.0,43.0,36.18859633042622,0.16702429075581335,0.0
146.0,660.0,-0.9762960071199334,-0.21643961393810282,17.0,12.517543859649123,12.299074602287675,0.3368188453218918,0.34210526315789475,0.0,0.0,114.0,3457.429419896655,18.85870592670903,0.0
222.0,720.0,-0.9762960071199334,-0.21643961393810282,0.0,11.534246575342467,12.266540068587764,0.22865932532806738,0.3698630136986301,0.0,1.0,73.0,3604.817452507861,18.024087262539307,0.0
51.0,660.0,-0.9807852804032303,-0.19509032201612866,0.0,0.6744186046511628,1.889024975921141,-0.2722167277293711,0.8604651162790697,480.0,3.0,43.0,554.1743404410382,3.0227691296783905,0.0
98.0,660.0,-0.9807852804032303,-0.19509032201612866,35.0,13.648854961832061,11.539460122131436,0.2797508589000219,0.2595419847328244,0.0,0.0,131.0,3596.4427413859567,19.616960407559766,0.0
0.0,660.0,-0.9807852804032303,-0.19509032201612866,32.0,15.201438848920864,12.001906237152381,1.2928371389701772,0.2158273381294964,0.0,0.0,139.0,1343.3242342463395,7.327223095889125,0.0
-1.0,660.0,-0.9807852804032303,-0.19509032201612866,31.0,17.949152542372882,12.958112083684913,-0.5334899187586281,0.2033898305084746,0.0,5.0,59.0,2763.226741033511,15.07214586018279,0.0
-6.0,660.0,-0.9807852804032303,-0.19509032201612866,0.0,10.036363636363637,10.362456073140605,-1.3788183909051224,0.32727272727272727,120.0,0.0,55.0,828.908539296696,4.521319305254705,0.0
225.0,660.0,-0.9807852804032303,-0.19509032201612866,0.0,16.52054794520548,16.782337085636208,0.21626733552044372,0.2876712328767123,12.0,1.0,73.0,2770.580108636064,15.112255138014895,0.0
31.0,660.0,-0.9848077530122079,-0.1736481776669312,29.0,19.333333333333332,12.583278145574344,1.9608483578618399,0.15833333333333333,0.0,0.0,120.0,3454.80504522773,18.84439115578762,0.0
0.0,660.0,-0.9848077530122079,-0.1736481776669312,24.0,17.728476821192054,11.62204674433933,-0.11569617435173726,0.1390728476821192,0.0,0.0,151.0,208.41478470985845,1.136807916599228,0.0
-85.0,660.0,-0.9848077530122079,-0.1736481776669312,13.0,15.907407407407407,12.728312736977966,0.19585696349913037,0.24074074074074073,0.0,5.0,54.0,1057.1216261118263,5.766117960609962,0.0
219.0,660.0,-0.9848077530122079,-0.1736481776669312,0.0,15.35135135135135,15.810048491670878,-2.2314771344760294,0.2702702702702703,28.0,15.0,74.0,1926.0873466680887,10.505930981825939,0.0
51.0,660.0,-0.9848077530122079,-0.1736481776669312,0.0,0.0,0.0,0.0,1.0,586.0,3.0,40.0,1302.7492934749375,7.105905237136024,0.0
-6.0,720.0,-0.9848077530122079,-0.1736481776669312,0.0,2.4285714285714284,4.786602618334881,-1.0836179126024754,0.7619047619047619,420.0,0.0,42.0,1170.4733934328615,5.852366967164308,0.0
81.0,660.0,-0.9883615104677608,-0.15212338618991628,19.0,0.975,3.643401569961785,0.5404244060155642,0.925,0.0,15.0,40.0,1574.9326492409311,8.590541723132352,0.0
93.0,720.0,-0.9883615104677608,-0.15212338618991628,33.0,21.339622641509433,12.392851555187827,-1.7868990146325898,0.10377358490566038,0.0,0.0,106.0,5764.261469750726,28.821307348753628,0.0
0.0,660.0,-0.9883615104677608,-0.15212338618991628,19.0,15.687116564417177,10.678526972928715,-0.7198361302051635,0.15337423312883436,0.0,0.0,163.0,756.2383859077735,4.124936650406037,0.0
-82.0,720.0,-0.9883615104677608,-0.15212338618991628,0.0,14.589285714285714,12.482526051751426,-1.2061686386472332,0.26785714285714285,30.0,5.0,56.0,226.29698472738485,1.1314849236369242,0.0
-188.0,660.0,-0.9883615104677608,-0.15212338618991628,18.0,8.365384615384615,11.415288072368035,2.2604460800894444,0.5576923076923077,0.0,0.0,52.0,1195.8577950222132,6.522860700121163,0.0
0.0,660.0,-0.9914448613738104,-0.13052619222005163,23.0,14.068493150684931,8.822183693772502,-0.15473267396148133,0.136986301369863,0.0,0.0,146.0,1310.7125937256658,7.1493414203218135,0.0
-13.0,660.0,-0.9914448613738104,-0.13052619222005163,0.0,11.068965517241379,10.487861734282715,-1.086098151028166,0.3275862068965517,74.0,5.0,58.0,826.3844645843783,4.5075516250057,0.0
63.0,660.0,-0.9914448613738104,-0.13052619222005163,22.0,9.106666666666667,9.293113340294282,-0.831250969808382,0.3466666666666667,0.0,0.0,75.0,2215.304662145498,12.08347997533908,0.0
119.0,720.0,-0.9914448613738104,-0.13052619222005163,12.0,15.11214953271028,10.994754146591688,-0.6492159816740325,0.18691588785046728,0.0,8.0,107.0,5142.782774233014,25.71391387116507,0.0
-75.0,660.0,-0.9914448613738104,-0.13052619222005163,35.0,13.879310344827585,11.670885653546986,0.5225752930945949,0.2413793103448276,0.0,0.0,58.0,1290.2651788677208,7.037810066551205,0.0
0.0,840.0,-0.9940563382223195,-0.10886687485196507,20.0,14.931972789115646,9.081385509643876,0.27896885003313354,0.11564625850340136,0.0,0.0,147.0,2104.3800266388726,9.018771542738026,0.0
-84.0,660.0,-0.9940563382223195,-0.10886687485196507,12.0,16.0,11.7956967381525,0.231869531719922,0.12307692307692308,0.0,0.0,65.0,2234.728319911644,12.18942719951806,0.0
-35.0,660.0,-0.9940563382223195,-0.10886687485196507,23.0,8.254901960784315,8.946120064367266,-0.4381894906306785,0.39215686274509803,0.0,5.0,51.0,1955.9265485947533,10.668690265062292,0.0
31.0,660.0,-0.9940563382223195,-0.10886687485196507,18.0,10.12,8.802969196053493,1.5820334770138769,0.32,0.0,4.0,75.0,1631.9078861982812,8.901315742899715,0.0
0.0,660.0,-0.9961946980917455,-0.08715574274765825,25.0,13.743589743589743,8.788010330858711,-0.5836099098369958,0.10897435897435898,0.0,0.0,156.0,2443.031677701686,13.325627332918287,0.0
137.0,900.0,-0.9961946980917455,-0.08715574274765825,3.0,23.18487394957983,13.854566572075711,0.6373406865870638,0.07563025210084033,0.0,0.0,119.0,905.8767398154972,3.623506959261989,0.0
69.0,660.0,-0.9961946980917455,-0.08715574274765825,8.0,13.55421686746988,9.276545124503217,-0.06318837605458574,0.1927710843373494,0.0,0.0,83.0,2116.264633853281,11.543261639199715,0.0
-85.0,660.0,-0.9961946980917455,-0.08715574274765825,20.0,15.771428571428572,11.084315081065068,-0.9345801055647669,0.11428571428571428,0.0,7.0,70.0,1312.5476486338437,7.159350810730056,0.0
-50.0,720.0,-0.9961946980917455,-0.08715574274765825,31.0,9.1,9.857484466130291,1.560164250912331,0.38,0.0,5.0,50.0,2704.162683818018,13.520813419090091,0.0
-80.0,780.0,-0.9978589232386035,-0.06540312923014273,22.0,13.275862068965518,11.317964212348858,0.7459029235856178,0.29310344827586204,0.0,3.0,58.0,1688.7221198327907,7.794102091535956,0.0
0.0,660.0,-0.9978589232386035,-0.06540312923014273,0.0,14.25,9.225602550741193,0.9821980078054864,0.10606060606060606,16.0,0.0,132.0,2467.000505149831,13.456366391726352,0.0
68.0,660.0,-0.9978589232386035,-0.06540312923014273,0.0,15.06578947368421,10.376257725053446,0.15477710807957357,0.18421052631578946,0.0,1.0,76.0,2870.1969664567846,15.655619817037008,0.0
137.0,720.0,-0.9978589232386035,-0.06540312923014273,0.0,20.696428571428573,15.417313601061288,-2.52815548461682,0.16964285714285715,60.0,4.0,112.0,396.8410373920373,1.9842051869601867,0.0
-53.0,660.0,-0.9978589232386035,-0.06540312923014273,19.0,14.621212121212121,9.919013195534443,0.659947608077214,0.13636363636363635,0.0,15.0,66.0,603.6867821026517,3.292836993287191,0.0
76.0,720.0,-0.9990482215818578,-0.04361938736533613,10.0,13.453488372093023,9.536535591454273,-0.9678883764701184,0.18604651162790697,0.0,1.0,86.0,2551.4248370078976,12.757124185039487,0.0
-116.0,720.0,-0.9990482215818578,-0.04361938736533613,13.0,15.422535211267606,11.519318705195147,-0.19655727601008144,0.16901408450704225,0.0,1.0,71.0,1236.4851372042544,6.182425686021273,0.0
137.0,720.0,-0.9990482215818578,-0.04361938736533613,0.0,11.460526315789474,13.283785911555649,-3.44570514987697,0.39473684210526316,104.0,4.0,76.0,927.6675498665888,4.638337749332944,0.0
0.0,720.0,-0.9990482215818578,-0.04361938736533613,18.0,16.064,10.351999999999999,-0.412748177054191,0.128,0.0,0.0,125.0,2177.3349443476404,10.886674721738201,0.0
-59.0,720.0,-0.9990482215818578,-0.04361938736533613,16.0,14.142857142857142,11.990217100722113,-0.40617742315262473,0.2857142857142857,0.0,5.0,56.0,1069.9812773137917,5.349906386568958,0.0
78.0,660.0,-0.9997620270799091,-0.021814885034560836,29.0,12.865384615384615,9.389087049404845,0.7515534039281144,0.2403846153846154,0.0,3.0,104.0,1964.3260444266743,10.71450569687277,0.0
-142.0,660.0,-0.9997620270799091,-0.021814885034560836,11.0,13.6,10.821583371515771,-0.8831734150896704,0.18333333333333332,0.0,1.0,60.0,2266.8034298028238,12.36438234437904,0.0
0.0,660.0,-0.9997620270799091,-0.021814885034560836,19.0,13.514925373134329,9.234696961974738,-0.07353029274980236,0.16417910447761194,0.0,0.0,134.0,1731.3241976973654,9.44358653289472,0.0
23.0,660.0,-0.9997620270799091,-0.021814885034560836,0.0,0.43478260869565216,1.2963523057283106,-0.13003956568276095,0.8913043478260869,404.0,4.0,46.0,2674.0269863474946,14.585601743713607,0.0
-197.0,660.0,-0.9997620270799091,-0.021814885034560836,0.0,13.26530612244898,12.153399642300615,-0.5347126101843083,0.30612244897959184,0.0,5.0,49.0,1410.3248227578918,7.692680851406683,0.0
-140.0,720.0,-1.0,-1.8369701987210297e-16,1.0,14.8125,11.466720415329457,-0.32425267415812437,0.22916666666666666,0.0,5.0,48.0,1585.4847879268941,7.927423939634472,0.0
-71.0,660.0,-1.0,-1.8369701987210297e-16,16.0,14.553191489361701,11.079612311057272,0.5111240763467157,0.1702127659574468,0.0,11.0,47.0,2801.8145312438087,15.282624715875318,0.0
187.0,720.0,-1.0,-1.8369701987210297e-16,0.0,12.91566265060241,10.538746432480625,0.7287328171560674,0.2289156626506024,18.0,2.0,83.0,3402.5273871722943,17.012636935861472,0.0
23.0,720.0,-1.0,-1.8369701987210297e-16,0.0,5.426229508196721,8.808451635197931,1.217400280542892,0.639344262295082,40.0,8.0,61.0,5448.66756300413,27.243337815020652,0.0
174.0,720.0,-1.0,-1.8369701987210297e-16,0.0,15.804123711340207,10.785288926209113,0.5296785870684273,0.2268041237113402,20.0,7.0,97.0,2352.0001947216642,11.760000973608323,0.0
149.0,720.0,-0.9997620270799091,0.021814885034560468,26.0,13.267441860465116,10.421829079528164,-0.5267548067413231,0.20930232558139536,0.0,2.0,86.0,2830.189791845572,14.15094895922786,0.0
241.0,720.0,-0.9997620270799091,0.021814885034560468,15.0,14.43421052631579,11.945419212660768,-1.1744871625558788,0.27631578947368424,0.0,1.0,76.0,512.0494997707542,2.560247498853771,0.0
-35.0,660.0,-0.9997620270799091,0.021814885034560468,42.0,16.96078431372549,13.765487939349676,0.39755414533998285,0.21568627450980393,0.0,5.0,51.0,1227.9102507669018,6.697692276910374,0.0
56.0,720.0,-0.9997620270799091,0.021814885034560468,8.0,16.477777777777778,17.023009120192967,2.3898374632624986,0.28888888888888886,0.0,2.0,90.0,4995.790961630477,24.978954808152384,0.0
-156.0,660.0,-0.9997620270799091,0.021814885034560468,0.0,13.058823529411764,10.221875359777135,-1.353995065630909,0.23529411764705882,14.0,5.0,51.0,571.035991491228,3.1147417717703343,0.0
132.0,720.0,-0.9990482215818578,0.043619387365335764,15.0,18.752380952380953,17.044915986819426,-0.012652066707336828,0.2571428571428571,0.0,2.0,105.0,4601.8667654944475,23.00933382747224,0.0
22.0,660.0,-0.9990482215818578,0.043619387365335764,17.0,9.588235294117647,8.652725900735799,-0.2649187846378436,0.29411764705882354,0.0,5.0,51.0,1959.9879218920746,10.690843210320407,0.0
-25.0,900.0,-0.9990482215818578,0.043619387365335764,0.0,0.0,0.0,0.0,1.0,584.0,3.0,42.0,47.10274055814996,0.18841096223259984,0.0
230.0,720.0,-0.9990482215818578,0.043619387365335764,10.0,10.123076923076923,10.185219596299929,0.012245954630628612,0.35384615384615387,0.0,1.0,65.0,1693.4440409228396,8.467220204614197,0.0
47.0,660.0,-0.9990482215818578,0.043619387365335764,6.0,13.126760563380282,11.368265166081063,0.8066131229885167,0.22535211267605634,0.0,4.0,71.0,1258.9901088779627,6.867218775697978,0.0
61.0,720.0,-0.9978589232386036,0.06540312923014237,28.0,14.929577464788732,13.31664630586652,0.03573505087585382,0.22535211267605634,0.0,8.0,71.0,1823.0176031525125,9.115088015762563,0.0
-40.0,660.0,-0.9978589232386036,0.06540312923014237,10.0,10.648148148148149,9.42053982767011,0.6392840171590941,0.2037037037037037,0.0,11.0,54.0,2130.9295644069234,11.623252169492309,0.0
-25.0,720.0,-0.9978589232386036,0.06540312923014237,0.0,0.0,0.0,0.0,1.0,584.0,3.0,41.0,244.12440971049037,1.220622048552452,0.0
277.0,660.0,-0.9978589232386036,0.06540312923014237,27.0,15.666666666666666,14.957346764123049,0.17622538236819696,0.32407407407407407,0.0,4.0,108.0,3869.4451033659648,21.10606420017799,0.0
194.0,840.0,-0.9978589232386036,0.06540312923014237,0.0,9.82857142857143,10.07822465739368,-0.6927865160529838,0.38571428571428573,120.0,15.0,70.0,2738.819831043144,11.737799275899189,0.0
-28.0,780.0,-0.9978589232386036,0.06540312923014237,0.0,1.0769230769230769,2.767805901233566,0.29005973049345923,0.8461538461538461,60.0,3.0,39.0,12.776264395681519,0.0589673741339147,0.0
175.0,660.0,-0.9961946980917455,0.08715574274765789,30.0,10.675324675324676,10.008362164024355,-0.03532103972229144,0.3246753246753247,0.0,9.0,77.0,2713.3171463285425,14.799911707246595,0.0
-28.0,660.0,-0.9961946980917455,0.08715574274765789,0.0,1.05,2.7381563140186134,-0.35067065387661855,0.85,360.0,3.0,40.0,652.5416881007105,3.5593182987311485,0.0
377.0,660.0,-0.9961946980917455,0.08715574274765789,0.0,13.731481481481481,14.330494862020563,-0.4259069206852285,0.35185185185185186,0.0,1.0,108.0,3943.7200175891217,21.511200095940666,0.0
-25.0,660.0,-0.9961946980917455,0.08715574274765789,0.0,0.0,0.0,0.0,1.0,586.0,1.0,41.0,924.6640752257281,5.043622228503971,0.0
23.0,660.0,-0.9961946980917455,0.08715574274765789,19.0,14.60759493670886,12.758137360101388,-0.22306798885485368,0.24050632911392406,0.0,8.0,79.0,2695.030356558089,14.700165581225939,0.0
250.0,720.0,-0.9940563382223196,0.10886687485196471,10.0,13.115384615384615,10.298096375283885,0.5133752006413415,0.20512820512820512,0.0,1.0,78.0,3346.7689221729197,16.733844610864598,0.0
-28.0,660.0,-0.9940563382223196,0.10886687485196471,8.0,0.21951219512195122,1.2398307343550081,0.1253048497533215,0.975609756097561,0.0,3.0,41.0,1954.2809419195657,10.659714228652177,0.0
237.0,720.0,-0.9940563382223196,0.10886687485196471,42.0,12.393939393939394,13.619518214693475,0.753271211359458,0.3838383838383838,0.0,2.0,99.0,4751.111524617617,23.755557623088084,0.0
-35.0,660.0,-0.9940563382223196,0.10886687485196471,8.0,0.4523809523809524,1.6931568283391452,0.2661308650545416,0.9285714285714286,0.0,2.0,42.0,1432.3418254190724,7.812773593194941,0.0
-16.0,720.0,-0.9940563382223196,0.10886687485196471,2.0,17.71604938271605,14.473675182258026,1.2698672286892279,0.1728395061728395,0.0,2.0,81.0,2376.58598580693,11.882929929034649,0.0
0.0,840.0,-0.9940563382223196,0.10886687485196471,0.0,0.18421052631578946,0.5055098082183828,-0.04174728948145827,0.9473684210526315,15.0,4.0,38.0,3.355511406686359,0.014380763171512967,0.0
0.0,660.0,-0.9914448613738105,0.13052619222005127,0.0,0.0,0.0,0.0,0.0,0.0,7.0,0.0,-1.0,-1.0,1.0
0.0,660.0,-0.9914448613738105,0.13052619222005127,0.0,0.07142857142857142,0.3375582590180435,0.010147891595521614,0.9761904761904762,305.0,14.0,42.0,897.4130069125521,4.89498003770483,0.0
-93.0,780.0,-0.9914448613738105,0.13052619222005127,0.0,0.2,0.9,0.09688396610395673,0.95,30.0,7.0,40.0,18.24585718631006,0.08421164855220029,0.0
10.0,660.0,-0.9914448613738105,0.13052619222005127,32.0,3.4047619047619047,7.467579208085104,1.5185675708507822,0.7380952380952381,0.0,5.0,42.0,2973.894795467284,16.221244338912456,0.0
-71.0,660.0,-0.9914448613738105,0.13052619222005127,10.0,16.907894736842106,14.387657019655267,-1.2251132564573812,0.15789473684210525,0.0,2.0,76.0,1746.7272511029296,9.527603187834162,0.0
36.0,840.0,-0.9914448613738105,0.13052619222005127,10.0,18.933333333333334,11.404482549516318,-0.15366962233620435,0.1111111111111111,0.0,7.0,45.0,2388.436916939032,10.236158215452996,0.0
290.0,660.0,-0.9914448613738105,0.13052619222005127,0.0,7.051282051282051,10.357577971382478,-1.5570860548872374,0.5384615384615384,166.0,1.0,39.0,1396.3736279618272,7.61658342524633,0.0
0.0,660.0,-0.9883615104677609,0.15212338618991592,0.0,0.0,0.0,0.0,0.0,0.0,1.0,0.0,-1.0,-1.0,1.0
-93.0,660.0,-0.9883615104677609,0.15212338618991592,1.0,0.23809523809523808,0.8946806775264733,-0.0005132807538439446,0.9523809523809523,336.0,1.0,42.0,544.4477925481949,2.969715232081063,0.0
-108.0,720.0,-0.9883615104677609,0.15212338618991592,36.0,3.710526315789474,8.63258177743161,1.9498761846367167,0.7894736842105263,0.0,1.0,38.0,552.8921999124746,2.7644609995623726,0.0
5.0,660.0,-0.9883615104677609,0.15212338618991592,0.0,11.181818181818182,9.270201676255878,-0.667867216267135,0.22727272727272727,44.0,14.0,66.0,1209.1325873392693,6.595268658214197,0.0
0.0,720.0,-0.9883615104677609,0.15212338618991592,0.0,0.09302325581395349,0.36177556246753595,0.025417089503252714,0.9767441860465116,0.0,5.0,43.0,2196.01031816425,10.98005159082125,0.0
45.0,660.0,-0.9883615104677609,0.15212338618991592,27.0,16.954545454545453,11.078140936617942,-1.4211871293004383,0.13636363636363635,0.0,7.0,44.0,1169.5381552552205,6.37929902866484,0.0
-119.0,660.0,-0.9883615104677609,0.15212338618991592,31.0,13.652173913043478,14.074672582961933,2.8166959589913185,0.32608695652173914,0.0,9.0,46.0,2274.3597335234685,12.405598546491648,0.0
0.0,840.0,-0.984807753012208,0.17364817766693083,0.0,0.0,0.0,0.0,0.0,0.0,3.0,0.0,-1.0,-1.0,1.0
-93.0,660.0,-0.984807753012208,0.17364817766693083,0.0,0.8604651162790697,1.9117919920525217,0.25982006240186106,0.8372093023255814,14.0,3.0,43.0,1275.9452038192762,6.959701111741507,0.0
37.0,660.0,-0.984807753012208,0.17364817766693083,6.0,13.222222222222221,9.237337011375539,0.12501264471918072,0.15555555555555556,0.0,7.0,45.0,897.8557786047518,4.897395156025919,0.0
-98.0,720.0,-0.984807753012208,0.17364817766693083,33.0,18.541666666666668,13.216086052820462,-0.3026446890191853,0.14583333333333334,0.0,9.0,48.0,2040.22988140671,10.20114940703355,0.0
83.0,660.0,-0.984807753012208,0.17364817766693083,0.0,0.44680851063829785,1.4558540761324257,0.17181019640640635,0.9148936170212766,0.0,8.0,47.0,3159.693780997127,17.23469335089342,0.0
-124.0,660.0,-0.984807753012208,0.17364817766693083,0.0,11.150943396226415,10.998106571888059,1.491377577856508,0.37735849056603776,16.0,1.0,53.0,1595.5844567473355,8.703187945894559,0.0
0.0,660.0,-0.9807852804032304,0.1950903220161283,0.0,0.0,0.0,0.0,0.0,0.0,0.0,0.0,-1.0,-1.0,1.0
-130.0,720.0,-0.9807852804032304,0.1950903220161283,0.0,13.170212765957446,12.164334244598226,-0.77701434839414,0.2978723404255319,14.0,8.0,47.0,2162.2578656545084,10.811289328272542,0.0
9.0,780.0,-0.9807852804032304,0.1950903220161283,29.0,14.75,11.357266396452978,0.03520238463532087,0.2,0.0,1.0,60.0,1712.0609681913418,7.901819853190808,0.0
0.0,720.0,-0.9807852804032304,0.1950903220161283,0.0,6.574468085106383,8.586839710069603,-1.6354459080112291,0.5319148936170213,270.0,1.0,47.0,2042.5951940636864,10.212975970318432,0.0
59.0,660.0,-0.9807852804032304,0.1950903220161283,2.0,2.4146341463414633,4.504607991694064,0.5668799992363934,0.6829268292682927,0.0,1.0,41.0,1550.5328179795513,8.457451734433915,0.0
82.0,660.0,-0.9807852804032304,0.1950903220161283,34.0,13.214285714285714,16.137114444194598,5.092071805207057,0.5,0.0,8.0,42.0,2046.0546779612284,11.160298243424881,0.0
0.0,660.0,-0.9762960071199335,0.21643961393810246,13.0,1.1851851851851851,3.1976500287628706,0.09112719360890753,0.8518518518518519,0.0,261.0,27.0,3038.1705943446414,16.571839605516228,0.0
26.0,720.0,-0.9762960071199335,0.21643961393810246,4.0,15.149253731343284,12.274538300394815,0.6312433800955956,0.16417910447761194,0.0,3.0,67.0,2306.0107900302332,11.530053950151167,0.0
0.0,720.0,-0.9762960071199335,0.21643961393810246,0.0,0.0,0.0,0.0,0.0,0.0,3.0,0.0,-1.0,-1.0,1.0
-37.0,660.0,-0.9762960071199335,0.21643961393810246,12.0,13.018518518518519,12.57641935254779,0.5845630104629768,0.3148148148148148,0.0,10.0,54.0,2199.0325602274866,11.994723055786292,0.0
150.0,660.0,-0.9762960071199335,0.21643961393810246,44.0,25.864864864864863,13.93258316430902,-0.5781024663936755,0.10810810810810811,0.0,8.0,37.0,4997.288608092832,27.25793786232454,0.0
40.0,660.0,-0.9762960071199335,0.21643961393810246,1.0,7.326086956521739,8.68295268309038,1.583947938333422,0.4782608695652174,0.0,1.0,46.0,1930.2490292624002,10.528631068704001,0.0
0.0,660.0,-0.9713420698132614,0.23768589232617307,0.0,0.0,0.0,0.0,0.0,0.0,0.0,0.0,-1.0,-1.0,1.0
-6.0,660.0,-0.9713420698132614,0.23768589232617307,26.0,16.46511627906977,12.444011985240321,0.20132308735935805,0.18604651162790697,0.0,5.0,43.0,3293.9768386378205,17.96714639256993,0.0
154.0,900.0,-0.9713420698132614,0.23768589232617307,31.0,24.0,13.276159469380076,0.42186234817813767,0.1282051282051282,0.0,8.0,39.0,4240.590644167036,16.962362576668145,0.0
70.0,660.0,-0.9713420698132614,0.23768589232617307,16.0,15.629032258064516,10.785644388256419,-0.05434024443039521,0.08064516129032258,0.0,3.0,62.0,1255.4858544506812,6.84810466064008,0.0
0.0,660.0,-0.9713420698132614,0.23768589232617307,13.0,5.333333333333333,5.557777333511022,27.857142857142858,0.3333333333333333,0.0,561.0,3.0,4907.445832445972,26.76788635879621,0.0
59.0,840.0,-0.9713420698132614,0.23768589232617307,15.0,10.254901960784315,8.461778279833085,0.07445924837886266,0.27450980392156865,0.0,1.0,51.0,3176.0793029903975,13.611768441387419,0.0
0.0,660.0,-0.9659258262890684,0.2588190451025203,0.0,0.0,0.0,0.0,0.0,0.0,9.0,0.0,-1.0,-1.0,1.0
362.0,720.0,-0.9659258262890684,0.2588190451025203,1.0,15.266666666666667,14.393517059194856,-3.6503667776261657,0.37777777777777777,15.0,14.0,45.0,3468.372779716714,17.34186389858357,0.0
301.0,660.0,-0.9659258262890684,0.2588190451025203,23.0,19.89090909090909,14.83322159242278,0.6545265532436979,0.16363636363636364,0.0,2.0,110.0,5780.030249416323,31.527437724089033,0.0
0.0,780.0,-0.9659258262890684,0.2588190451025203,0.0,0.0,0.0,0.0,0.0,0.0,0.0,0.0,-1.0,-1.0,1.0
66.0,660.0,-0.9659258262890684,0.2588190451025203,0.0,4.5,7.439338008183255,-1.1779335144560015,0.640625,178.0,4.0,64.0,916.224806444893,4.99758985333578,0.0
15.0,660.0,-0.9659258262890684,0.2588190451025203,24.0,16.066666666666666,11.63739184219939,-0.07670098192656155,0.15,0.0,5.0,60.0,197.745683745877,1.0786128204320564,0.0
-66.0,660.0,-0.9659258262890684,0.2588190451025203,35.0,18.142857142857142,12.640395240526884,-0.11182187984954614,0.11428571428571428,0.0,0.0,35.0,3331.486848959593,18.171746448870508,0.0
362.0,720.0,-0.9600498543859287,0.279829014030992,7.0,8.558823529411764,11.966106980257855,-0.03760598203484864,0.5294117647058824,0.0,8.0,34.0,260.6892577091812,1.3034462885459062,0.0
356.0,660.0,-0.9600498543859287,0.279829014030992,36.0,20.530973451327434,15.23042529953136,-0.871350208672012,0.1504424778761062,0.0,2.0,113.0,6519.2072565987955,35.5593123087207,0.0
0.0,660.0,-0.9600498543859287,0.279829014030992,0.0,0.0,0.0,0.0,0.0,0.0,9.0,0.0,-1.0,-1.0,1.0
-86.0,660.0,-0.9600498543859287,0.279829014030992,9.0,14.642857142857142,13.225555040241181,-1.2029920958025075,0.2571428571428571,0.0,7.0,70.0,1297.5278634919528,7.077424709956106,0.0
0.0,660.0,-0.9600498543859287,0.279829014030992,4.0,17.08695652173913,13.468954243682004,0.33779762018028636,0.21739130434782608,0.0,0.0,69.0,2482.473749831436,13.54076590817147,0.0
-7.0,660.0,-0.9600498543859287,0.279829014030992,0.0,1.18,3.850662280699256,-0.48245344169208404,0.88,480.0,2.0,50.0,1471.1911433492048,8.024678963722936,0.0
0.0,660.0,-0.9537169507482268,0.30070579950427345,27.0,20.361842105263158,15.204548030677351,1.1879126750434559,0.18421052631578946,0.0,0.0,152.0,1533.550827918375,8.364822697736592,0.0
-14.0,660.0,-0.9537169507482268,0.30070579950427345,4.0,4.8545454545454545,8.25374445452857,1.1107169942862012,0.6545454545454545,0.0,2.0,55.0,566.1702573154087,3.0882014035385925,0.0
0.0,660.0,-0.9537169507482268,0.30070579950427345,0.0,0.0,0.0,0.0,0.0,0.0,9.0,0.0,-1.0,-1.0,1.0
2.0,720.0,-0.9537169507482268,0.30070579950427345,100.0,42.76470588235294,41.815462115972345,11.202438089393974,0.11764705882352941,0.0,10.0,17.0,17786.97929438474,88.9348964719237,0.0
-148.0,660.0,-0.9537169507482268,0.30070579950427345,46.0,14.651515151515152,13.11660112136689,0.30832451263295113,0.19696969696969696,0.0,13.0,66.0,1647.347551382159,8.985532098448141,0.0
-61.0,660.0,-0.9469301294951057,0.3214394653031615,29.0,10.909090909090908,11.964429768820338,0.8980384882374772,0.35064935064935066,0.0,2.0,77.0,371.8059480167422,2.028032443727685,0.0
0.0,720.0,-0.9469301294951057,0.3214394653031615,24.0,20.140243902439025,14.450034684371385,-0.798152520014449,0.17073170731707318,0.0,8.0,164.0,223.4201999900546,1.117100999950273,0.0
-162.0,660.0,-0.9469301294951057,0.3214394653031615,13.0,15.625,11.86446901466728,-0.2826440538345958,0.09375,0.0,13.0,64.0,1153.5067743186594,6.291855132647233,0.0
0.0,660.0,-0.9469301294951057,0.3214394653031615,0.0,0.0,0.0,0.0,0.0,0.0,9.0,0.0,-1.0,-1.0,1.0
0.0,780.0,-0.9469301294951057,0.3214394653031615,114.0,92.16666666666667,25.027762362802008,7.150690836472448,0.0,0.0,23.0,24.0,18432.444749573264,85.07282192110738,0.0
-79.0,660.0,-0.9396926207859085,0.34202014332566816,5.0,13.313953488372093,13.758939274207334,0.045499917680199994,0.29069767441860467,0.0,4.0,86.0,954.8520316817634,5.208283809173255,0.0
0.0,660.0,-0.9396926207859085,0.34202014332566816,32.0,16.90909090909091,11.618594387325434,-2.4324706582963196,0.18181818181818182,0.0,13.0,22.0,4619.194663873619,25.195607257492465,0.0
-23.0,660.0,-0.9396926207859085,0.34202014332566816,6.0,14.507692307692308,10.435329159856732,-0.14546657523760037,0.12307692307692308,0.0,13.0,65.0,1283.8668938654773,7.002910330175331,0.0
66.0,720.0,-0.9396926207859085,0.34202014332566816,0.0,0.0,0.0,0.0,1.0,584.0,4.0,40.0,140.81022026769259,0.7040511013384629,0.0
-35.0,720.0,-0.9396926207859085,0.34202014332566816,11.0,15.153374233128835,10.362498941861093,-1.2473141294883239,0.13496932515337423,0.0,8.0,163.0,937.2241753147524,4.686120876573762,0.0
-97.0,660.0,-0.9396926207859085,0.34202014332566816,0.0,0.23255813953488372,0.6411185466088475,-0.09024975478083637,0.9302325581395349,472.0,8.0,43.0,121.01708592501805,0.6600931959546439,0.0
0.0,660.0,-0.9396926207859085,0.34202014332566816,30.0,97.39285714285714,13.334539698826946,-1.6171566105105974,0.0,0.0,26.0,28.0,19866.301814379374,108.36164626025113,0.0
70.0,660.0,-0.9320078692827986,0.36243803828370147,22.0,12.233333333333333,8.200338746390635,-0.5186197537616584,0.12,0.0,4.0,150.0,1006.6348180099209,5.490735370963205,0.0
66.0,660.0,-0.9320078692827986,0.36243803828370147,0.0,0.0,0.0,0.0,1.0,586.0,4.0,40.0,762.0506588736906,4.1566399574928585,0.0
-97.0,660.0,-0.9320078692827986,0.36243803828370147,0.0,0.7317073170731707,2.1755222557051472,0.34229530903587435,0.8780487804878049,0.0,0.0,41.0,1490.1469000693733,8.1280740003784,0.0
0.0,660.0,-0.9320078692827986,0.36243803828370147,12.0,18.82608695652174,14.182512728595958,-0.5983196441562828,0.21739130434782608,0.0,7.0,46.0,3565.9363499740884,19.450561908949574,0.0
-44.0,660.0,-0.9320078692827986,0.36243803828370147,17.0,16.723076923076924,12.150983109713566,1.0804056754772533,0.13846153846153847,0.0,5.0,65.0,1078.5342148614952,5.882913899244519,0.0
0.0,660.0,-0.9320078692827986,0.36243803828370147,100.0,92.5,19.21913109378257,-2.4115749321854265,0.0,0.0,176.0,16.0,19354.398801756513,105.56944800958098,0.0
0.0,660.0,-0.923879532511287,0.38268343236508917,36.0,53.9,31.740982971546426,-6.906909100395215,0.0,0.0,6.0,10.0,2255.591500952606,12.303226368832398,0.0
-97.0,660.0,-0.923879532511287,0.38268343236508917,0.0,0.7317073170731707,2.175522255705147,-0.0786548947317357,0.8780487804878049,300.0,0.0,41.0,2989.7624380079433,16.307795116406965,0.0
114.0,660.0,-0.923879532511287,0.38268343236508917,2.0,11.481481481481481,11.914418188404149,-1.4936027254068591,0.3333333333333333,0.0,11.0,54.0,1967.14396527065,10.729876174203545,0.0
-48.0,780.0,-0.923879532511287,0.38268343236508917,23.0,14.326666666666666,9.247339557347772,1.180857681063994,0.13333333333333333,0.0,0.0,150.0,2090.383870115561,9.647925554379512,0.0
-26.0,720.0,-0.9153114791194472,0.402746689858737,6.0,14.303571428571429,10.49816249713856,0.2451781278475818,0.07142857142857142,0.0,13.0,56.0,444.3793317255352,2.221896658627676,0.0
150.0,660.0,-0.9153114791194472,0.402746689858737,10.0,9.655172413793103,9.82353213416453,0.7230421945877277,0.3620689655172414,0.0,11.0,58.0,1743.3533143249454,9.509199896317885,0.0
67.0,660.0,-0.9153114791194472,0.402746689858737,35.0,6.069767441860465,11.455465535873744,2.558456708550331,0.6976744186046512,0.0,6.0,43.0,3885.549763792884,21.19390780250664,0.0
-15.0,660.0,-0.9153114791194472,0.402746689858737,7.0,13.859756097560975,9.098972868273911,-0.9129392831907177,0.16463414634146342,0.0,0.0,164.0,3131.875327326824,17.082956330873586,0.0
-33.0,720.0,-0.9063077870366498,0.4226182617406996,11.0,14.70253164556962,10.612572847878605,0.946131770253235,0.18354430379746836,0.0,4.0,158.0,2926.769601977424,14.633848009887119,0.0
-45.0,780.0,-0.9063077870366498,0.4226182617406996,17.0,19.93877551020408,15.489836250653308,3.07062988096602,0.24489795918367346,0.0,10.0,49.0,2697.950012859741,12.452076982429574,0.0
153.0,660.0,-0.9063077870366498,0.4226182617406996,1.0,14.482758620689655,12.303968212301356,0.04686889352858459,0.25862068965517243,32.0,13.0,58.0,1831.3304056110283,9.989074939696518,0.0
-19.0,660.0,-0.9063077870366498,0.4226182617406996,0.0,11.944444444444445,10.572355052589971,-1.05588504981335,0.2222222222222222,60.0,58.0,36.0,811.665526320767,4.427266507204184,0.0
0.0,900.0,-0.9063077870366498,0.4226182617406996,0.0,21.871794871794872,18.670118024127362,-1.1674364962440873,0.2564102564102564,39.0,1.0,39.0,9.055956092346245,0.03622382436938498,0.0
24.0,720.0,-0.8968727415326884,0.442288690219001,26.0,17.50877192982456,14.193058356442684,0.22529779302115194,0.24561403508771928,0.0,5.0,57.0,3308.1726069143156,16.54086303457158,0.0
-90.0,660.0,-0.8968727415326884,0.442288690219001,24.0,17.529850746268657,11.4348839792765,0.0344799380510806,0.14925373134328357,0.0,4.0,134.0,2130.9212132057587,11.623206617485957,0.0
0.0,660.0,-0.8968727415326884,0.442288690219001,0.0,11.375,18.462377284629408,-5.046635717295028,0.6041666666666666,15.0,0.0,48.0,480.31622785528833,2.619906697392482,0.0
-19.0,720.0,-0.8968727415326884,0.442288690219001,0.0,1.5,4.807979478602905,-1.0934778686250808,0.9,270.0,9.0,30.0,1151.9979178051933,5.759989589025967,0.0
-76.0,660.0,-0.8968727415326884,0.442288690219001,0.0,21.916666666666668,13.792862485922042,-2.4316452663221493,0.10416666666666667,16.0,10.0,48.0,2168.604848252891,11.828753717743043,0.0
-175.0,660.0,-0.887010833178222,0.46174861323503325,0.0,6.857142857142857,9.419909441048306,1.8411439820637607,0.5510204081632653,2.0,9.0,49.0,1135.5895329806888,6.194124725349211,0.0
-43.0,660.0,-0.887010833178222,0.46174861323503325,25.0,16.823529411764707,12.413948325712036,-0.12860243487214296,0.13725490196078433,0.0,12.0,51.0,2772.758421778066,15.124136846062177,0.0
31.0,720.0,-0.887010833178222,0.46174861323503325,16.0,14.484126984126984,9.927302521277086,-0.12190249449938201,0.18253968253968253,0.0,0.0,126.0,1692.2208492921065,8.461104246460533,0.0
0.0,660.0,-0.887010833178222,0.46174861323503325,0.0,0.3404255319148936,0.7227782021899161,0.05868345928399901,0.8936170212765957,15.0,4.0,47.0,1742.5252961329581,9.504683433452499,0.0
-121.0,660.0,-0.887010833178222,0.46174861323503325,30.0,20.48148148148148,13.17790060942483,0.5641821077095404,0.16666666666666666,0.0,7.0,54.0,1734.2289770740956,9.45943078404052,0.0
23.0,660.0,-0.8767267557075075,0.48098876891938813,0.0,0.4772727272727273,0.8115259577889602,0.07033831581920766,0.8409090909090909,15.0,10.0,44.0,2994.666947795714,16.33454698797662,0.0
-11.0,660.0,-0.8767267557075075,0.48098876891938813,9.0,11.969465648854962,9.076384029045549,-0.4419689070484211,0.22137404580152673,0.0,0.0,131.0,1483.5713884381887,8.092207573299213,0.0
22.0,660.0,-0.8767267557075075,0.48098876891938813,12.0,11.49090909090909,9.941415167730902,-0.3468334888324704,0.2909090909090909,0.0,1.0,55.0,1455.4843673220362,7.9390056399383795,0.0
-93.0,780.0,-0.8767267557075075,0.48098876891938813,0.0,18.03921568627451,11.748943689380102,-1.5387396704519365,0.13725490196078433,0.0,0.0,51.0,771.4206176604688,3.5604028507406253,0.0
-74.0,660.0,-0.8767267557075075,0.48098876891938813,10.0,17.38888888888889,11.687943561266799,-0.40223490031719145,0.12962962962962962,0.0,12.0,54.0,3315.1043797868674,18.08238752611019,0.0
-49.0,720.0,-0.8660254037844386,0.5000000000000001,43.0,19.142857142857142,13.495275061279477,1.301185523551973,0.14285714285714285,0.0,2.0,56.0,2938.227236135638,14.69113618067819,0.0
13.0,720.0,-0.8660254037844386,0.5000000000000001,15.0,16.40277777777778,12.749356979670063,0.04304970651294565,0.19444444444444445,0.0,6.0,72.0,2098.542959012831,10.492714795064156,0.0
-28.0,720.0,-0.8660254037844386,0.5000000000000001,30.0,14.78048780487805,16.5050061808634,4.912612110320376,0.3902439024390244,0.0,11.0,41.0,2022.2758845940623,10.11137942297031,0.0
80.0,660.0,-0.8660254037844386,0.5000000000000001,0.0,13.862068965517242,12.109341329879161,0.7274572257510621,0.27586206896551724,14.0,9.0,58.0,1992.4645003067758,10.867988183491505,0.0
-73.0,660.0,-0.8660254037844386,0.5000000000000001,12.0,12.509803921568627,9.673842939414266,-0.4627093921261514,0.19607843137254902,0.0,7.0,51.0,206.19978736476622,1.1247261128987247,0.0
16.0,720.0,-0.8660254037844386,0.5000000000000001,17.0,12.067415730337078,11.27869399644172,-0.6223673218782011,0.25842696629213485,0.0,12.0,89.0,1241.7263994715738,6.208631997357869,0.0
54.0,660.0,-0.8549118706729468,0.5187732581605211,27.0,15.936507936507937,11.581146440869212,0.1090379318576372,0.14285714285714285,0.0,9.0,63.0,1743.9251323417009,9.512318903682004,0.0
-77.0,660.0,-0.8549118706729468,0.5187732581605211,0.0,7.980392156862745,8.743603143135234,-1.3577356653021038,0.39215686274509803,135.0,6.0,51.0,893.6212824736401,4.874297904401674,0.0
-16.0,720.0,-0.8549118706729468,0.5187732581605211,8.0,20.016666666666666,14.345140485737865,0.35190495988683407,0.18333333333333332,0.0,4.0,60.0,1494.970326262598,7.4748516313129905,0.0
-35.0,660.0,-0.8549118706729468,0.5187732581605211,30.0,14.80281690140845,13.154145405948693,-0.6391339452931208,0.23943661971830985,0.0,6.0,71.0,2507.058388779572,13.674863938797666,0.0
90.0,720.0,-0.8549118706729468,0.5187732581605211,37.0,26.4,13.827147211192914,-0.5005628517823641,0.1,0.0,11.0,40.0,4995.084493185964,24.97542246592982,0.0
169.0,900.0,-0.8433914458128857,0.5372996083468239,32.0,21.88095238095238,14.540914985542692,-0.851027578285936,0.19047619047619047,0.0,8.0,42.0,4397.634045821838,17.590536183287355,0.0
-101.0,660.0,-0.8433914458128857,0.5372996083468239,4.0,6.340425531914893,6.789468050935013,0.22883483926858506,0.3829787234042553,0.0,2.0,47.0,2155.995400515616,11.75997491190336,0.0
-8.0,720.0,-0.8433914458128857,0.5372996083468239,14.0,15.147058823529411,13.781130221175996,0.7851961832891112,0.22058823529411764,0.0,4.0,68.0,2371.954912000974,11.859774560004873,0.0
-85.0,720.0,-0.8433914458128857,0.5372996083468239,21.0,20.925925925925927,13.019717030337818,0.6866641149187189,0.14814814814814814,0.0,10.0,54.0,1395.1978091502635,6.975989045751318,0.0
195.0,660.0,-0.8433914458128857,0.5372996083468239,0.0,11.545454545454545,10.011091841468815,-0.7190389087053972,0.24675324675324675,0.0,0.0,77.0,545.6762459669801,2.9764158870926187,0.0
32.0,660.0,-0.8433914458128857,0.5372996083468239,30.0,16.576271186440678,10.133353870867266,0.8264929302514422,0.0847457627118644,0.0,9.0,59.0,916.140829288075,4.997131796116772,0.0
-152.0,660.0,-0.8314696123025455,0.5555702330196018,0.0,10.72340425531915,9.873028222555941,0.6330520388210322,0.2127659574468085,14.0,2.0,47.0,2311.117391968455,12.606094865282483,0.0
88.0,720.0,-0.8314696123025455,0.5555702330196018,21.0,20.48780487804878,13.077856823037889,-0.45904931690806217,0.12195121951219512,0.0,31.0,41.0,3065.0418415803647,15.325209207901823,0.0
-85.0,720.0,-0.8314696123025455,0.5555702330196018,0.0,13.555555555555555,14.652349914764228,-3.457554278287175,0.4222222222222222,240.0,10.0,45.0,2608.561050688878,13.042805253444389,0.0
7.0,720.0,-0.8314696123025455,0.5555702330196018,42.0,17.413793103448278,11.439547981723726,0.20692631269088255,0.08620689655172414,0.0,5.0,58.0,1066.9328101789256,5.334664050894628,0.0
-78.0,660.0,-0.8314696123025455,0.5555702330196018,18.0,15.895522388059701,12.865706271380482,-0.795419518379508,0.16417910447761194,0.0,0.0,67.0,1587.0971957556053,8.656893795030575,0.0
231.0,660.0,-0.8314696123025455,0.5555702330196018,11.0,7.359375,8.756010770286604,-0.11294502730257443,0.390625,0.0,2.0,64.0,681.6787556418635,3.7182477580465285,0.0
231.0,660.0,-0.8191520442889918,0.573576436351046,0.0,5.650793650793651,8.04384558224925,-0.7580625099202354,0.47619047619047616,104.0,12.0,63.0,1203.2795588036845,6.563343048020098,0.0
0.0,660.0,-0.8191520442889918,0.573576436351046,0.0,0.0,0.0,0.0,0.0,0.0,9.0,0.0,-1.0,-1.0,1.0
-107.0,660.0,-0.8191520442889918,0.573576436351046,17.0,12.727272727272727,9.20563966560133,-0.5818171459819939,0.15151515151515152,0.0,8.0,66.0,1055.2499101560554,5.755908600851211,0.0
145.0,660.0,-0.8191520442889918,0.573576436351046,14.0,2.5365853658536586,5.296559218944488,0.5733151234477398,0.7560975609756098,0.0,8.0,41.0,3522.7159334572966,19.214814182494344,0.0
88.0,660.0,-0.8191520442889918,0.573576436351046,101.0,41.23076923076923,36.24203646458891,10.638357140745144,0.038461538461538464,0.0,8.0,26.0,19514.84034939394,106.44458372396694,0.0
-78.0,660.0,-0.8191520442889918,0.573576436351046,8.0,16.549295774647888,12.570688836095094,-0.3631121079271814,0.11267605633802817,0.0,9.0,71.0,2256.3289436471023,12.307248783529648,0.0
-138.0,720.0,-0.8191520442889918,0.573576436351046,0.0,13.775510204081632,11.07905784346645,-0.03474853784444663,0.22448979591836735,1.0,1.0,49.0,1353.5487783225294,6.767743891612647,0.0
13.0,660.0,-0.8064446042674829,0.591309648363582,10.0,5.766666666666667,7.623137295249394,0.36707629137529796,0.45,0.0,8.0,60.0,906.959923603092,4.947054128744138,0.0
-109.0,660.0,-0.8064446042674829,0.591309648363582,14.0,14.98611111111111,12.635370389369012,-0.8527731273997627,0.18055555555555555,0.0,11.0,72.0,1339.7845193980108,7.307915560352786,0.0
-71.0,660.0,-0.8064446042674829,0.591309648363582,30.0,15.319148936170214,11.868259803570702,0.3215180109571794,0.23404255319148937,0.0,4.0,47.0,947.2417256865319,5.166773049199265,0.0
0.0,660.0,-0.8064446042674829,0.591309648363582,0.0,0.0,0.0,0.0,0.0,0.0,9.0,0.0,-1.0,-1.0,1.0
84.0,660.0,-0.8064446042674829,0.591309648363582,35.0,9.521739130434783,13.057962971896703,2.25203716157761,0.5,0.0,0.0,46.0,3577.229533630752,19.512161092531375,0.0
0.0,660.0,-0.8064446042674829,0.591309648363582,99.0,99.1,2.165640782770772,0.19187364105969665,0.0,0.0,8.0,20.0,18019.31450274282,98.28717001496085,0.0
0.0,840.0,-0.7933533402912357,0.6087614290087199,0.0,0.0,0.0,0.0,0.0,0.0,9.0,0.0,-1.0,-1.0,1.0
-46.0,660.0,-0.7933533402912357,0.6087614290087199,21.0,14.85483870967742,10.819407255533097,0.43224317513167093,0.14516129032258066,0.0,11.0,62.0,1800.0167130924963,9.818272980504526,0.0
0.0,660.0,-0.7933533402912357,0.6087614290087199,100.0,100.26923076923077,3.6538461538461537,0.09401613626176608,0.0,0.0,8.0,26.0,18312.2459419887,99.88497786539293,0.0
-222.0,660.0,-0.7933533402912357,0.6087614290087199,0.0,14.617021276595745,11.699342028215277,-0.3995833764509795,0.2553191489361702,0.0,4.0,47.0,1558.1055736938492,8.498757674693723,0.0
67.0,660.0,-0.7933533402912357,0.6087614290087199,0.0,15.84,14.589530492788313,0.4734133186648677,0.32,0.0,4.0,50.0,2747.9214251063777,14.988662318762062,0.0
-196.0,720.0,-0.7798844830928816,0.6259234721840593,0.0,0.0,0.0,0.0,0.0,0.0,9.0,0.0,-1.0,-1.0,1.0
-190.0,660.0,-0.7798844830928816,0.6259234721840593,24.0,14.645833333333334,9.824479594642943,0.18009834799777383,0.1875,0.0,4.0,48.0,1142.7391487707307,6.233122629658531,0.0
-39.0,720.0,-0.7798844830928816,0.6259234721840593,2.0,9.117647058823529,7.811622961152006,-0.553706414583319,0.29411764705882354,0.0,0.0,85.0,52.64826199223479,0.26324130996117395,0.0
47.0,660.0,-0.7798844830928816,0.6259234721840593,0.0,18.6,14.084033513166604,-0.627713650376205,0.2,16.0,8.0,50.0,2168.213157690659,11.826617223767231,0.0
0.0,660.0,-0.7798844830928816,0.6259234721840593,99.0,100.3529411764706,4.714697625767972,-0.699240259287656,0.0,0.0,216.0,17.0,20341.21737991078,110.95209479951336,0.0
-49.0,660.0,-0.7798844830928816,0.6259234721840593,0.0,14.901639344262295,9.161045323046439,-0.3688596195724787,0.09836065573770492,14.0,11.0,61.0,607.0656172386808,3.311267003120077,0.0
64.0,660.0,-0.7660444431189781,0.6427876096865393,20.0,15.87037037037037,13.82301662994423,-1.123376060437179,0.24074074074074073,0.0,0.0,54.0,2428.857729600557,13.248314888730311,0.0
-39.0,660.0,-0.7660444431189781,0.6427876096865393,0.0,3.864406779661017,6.234017196864433,-0.620662289074639,0.6271186440677966,286.0,0.0,59.0,665.9056642671269,3.6322127141843286,0.0
79.0,660.0,-0.7660444431189781,0.6427876096865393,0.0,0.0,0.0,0.0,0.0,0.0,9.0,0.0,-1.0,-1.0,1.0
0.0,660.0,-0.7660444431189781,0.6427876096865393,99.0,98.25,3.112474899497183,4.979457682826623,0.0,0.0,516.0,4.0,20858.807017779513,113.77531100607007,0.0
-232.0,720.0,-0.7660444431189781,0.6427876096865393,22.0,12.829787234042554,9.336086812792994,-1.0747231018326147,0.1702127659574468,0.0,4.0,47.0,636.0844950236434,3.1804224751182173,0.0
-54.0,720.0,-0.7518398074789772,0.6593458151000691,20.0,8.630434782608695,8.27084637815043,-0.12022708764277854,0.30434782608695654,0.0,4.0,46.0,2072.87164967537,10.36435824837685,0.0
-9.0,660.0,-0.7518398074789772,0.6593458151000691,8.0,12.6,11.412274094149682,0.12124357328691769,0.25,0.0,2.0,20.0,2998.121185777266,16.353388286057815,0.0
-59.0,780.0,-0.7518398074789772,0.6593458151000691,0.0,15.641509433962264,12.822583761683239,0.8710864463968989,0.20754716981132076,0.0,10.0,53.0,3860.0990214135168,17.815841637293154,0.0
-39.0,660.0,-0.7518398074789772,0.6593458151000691,0.0,0.046511627906976744,0.301429799925947,-0.023884072941912377,0.9767441860465116,586.0,0.0,43.0,1038.4015653905412,5.664008538493861,0.0
-68.0,660.0,-0.7372773368101242,0.6755902076156601,32.0,14.906976744186046,10.767768341024558,0.9545664894770327,0.11627906976744186,0.0,6.0,43.0,3752.0701752687205,20.46583731964757,0.0
18.0,660.0,-0.7372773368101242,0.6755902076156601,12.0,1.6938775510204083,3.500461087019957,0.565313219385845,0.7959183673469388,0.0,6.0,49.0,1103.8168293927115,6.020819069414791,0.0
18.0,660.0,-0.7372773368101242,0.6755902076156601,32.0,9.96,10.937933991389782,0.9429094857253713,0.34,0.0,4.0,50.0,2111.3923654286295,11.516685629610707,0.0
-119.0,660.0,-0.7223639620597554,0.6915130557822695,13.0,22.0,12.16187120105747,1.1692536971978416,0.0,0.0,10.0,45.0,3616.5897189092398,19.72685301223222,0.0
52.0,720.0,-0.7223639620597554,0.6915130557822695,20.0,9.393939393939394,9.271786444645649,1.9960665141991014,0.3484848484848485,0.0,4.0,66.0,2862.431867940192,14.31215933970096,0.0
320.0,720.0,-0.7071067811865477,0.7071067811865474,27.0,13.634615384615385,11.55426801954393,-0.6029744971293041,0.19230769230769232,0.0,7.0,52.0,5157.452256514275,25.787261282571375,0.0
-28.0,660.0,-0.7071067811865477,0.7071067811865474,10.0,4.357142857142857,6.240502988623626,-0.8866156779050748,0.5714285714285714,0.0,6.0,56.0,1387.8590380022606,7.570140207285058,0.0
50.0,660.0,-0.7071067811865477,0.7071067811865474,5.0,7.636363636363637,9.558173344627644,2.2624862335096365,0.5636363636363636,0.0,3.0,55.0,3989.148654483816,21.758992660820816,0.0
-183.0,660.0,-0.7071067811865477,0.7071067811865474,31.0,25.804347826086957,11.796498310971614,-0.9247582354074357,0.0,0.0,0.0,46.0,3505.8203597491615,19.1226565077227,0.0
80.0,660.0,-0.6915130557822698,0.7223639620597551,39.0,13.890243902439025,12.931344126428673,2.006743129699233,0.34146341463414637,0.0,2.0,82.0,3349.7111780452833,18.271151880247,0.0
190.0,660.0,-0.6915130557822698,0.7223639620597551,0.0,5.086206896551724,7.33974650214941,0.809491625565731,0.603448275862069,42.0,8.0,58.0,849.8331011094857,4.635453278779013,0.0
-139.0,720.0,-0.6915130557822698,0.7223639620597551,24.0,25.106382978723403,11.73870492431494,0.6622712391740364,0.02127659574468085,0.0,2.0,47.0,3863.5339465415786,19.317669732707895,0.0
385.0,660.0,-0.6915130557822698,0.7223639620597551,43.0,15.964285714285714,14.33024310145989,-0.041034270221248434,0.23214285714285715,0.0,10.0,56.0,3010.3673739675132,16.420185676186435,0.0
296.0,660.0,-0.6755902076156598,0.7372773368101244,0.0,9.315068493150685,10.43161253420591,0.5258143624952237,0.3835616438356164,0.0,6.0,73.0,775.7669419451705,4.2314560469736575,0.0
132.0,660.0,-0.6755902076156598,0.7372773368101244,6.0,21.058823529411764,17.04597217067328,2.209490001320585,0.2647058823529412,0.0,4.0,102.0,1888.7662895966773,10.30236157961824,0.0
-126.0,660.0,-0.6755902076156598,0.7372773368101244,6.0,24.085106382978722,12.709235688946574,-0.35185043173643277,0.06382978723404255,0.0,4.0,47.0,3276.057132853374,17.869402542836585,0.0
425.0,720.0,-0.6755902076156598,0.7372773368101244,5.0,18.825396825396826,15.288277159095568,-0.7812434523644646,0.20634920634920634,0.0,7.0,63.0,866.361521187376,4.33180760593688,0.0
340.0,660.0,-0.6593458151000687,0.7518398074789775,27.0,16.48611111111111,13.532874638732686,-1.246583327879414,0.20833333333333334,0.0,3.0,72.0,3508.357626819712,19.13649614628934,0.0
-73.0,660.0,-0.6593458151000687,0.7518398074789775,38.0,21.466666666666665,13.624487757955038,0.03603842419935609,0.13333333333333333,0.0,12.0,45.0,3135.8099345222295,17.104417824666708,0.0
181.0,780.0,-0.6593458151000687,0.7518398074789775,0.0,20.820224719101123,15.83522016589319,-2.74681752348811,0.14606741573033707,0.0,4.0,89.0,520.0754951419603,2.40034843911674,0.0
-70.0,660.0,-0.6427876096865396,0.7660444431189778,15.0,19.177777777777777,12.668927673448204,-0.42444648092570764,0.1111111111111111,0.0,4.0,45.0,1265.1654670830214,6.900902547725572,0.0
389.0,720.0,-0.6427876096865396,0.7660444431189778,0.0,9.72972972972973,8.220438104484254,-1.258301829413507,0.28378378378378377,65.0,4.0,74.0,733.0707618981638,3.6653538094908193,0.0
452.0,720.0,-0.6427876096865396,0.7660444431189778,26.0,14.144736842105264,10.940874528896842,0.43471601972633434,0.23684210526315788,0.0,7.0,76.0,5347.625829086723,26.73812914543361,0.0
457.0,900.0,-0.6427876096865396,0.7660444431189778,20.0,13.253164556962025,10.098838577702418,0.24115220462674647,0.11392405063291139,0.0,10.0,79.0,1319.9529680367111,5.279811872146845,0.0
51.0,660.0,-0.625923472184059,0.7798844830928818,25.0,15.28888888888889,10.208106195507833,-1.1267795955856497,0.08888888888888889,0.0,6.0,45.0,1227.6869176200526,6.696474096109378,0.0
389.0,660.0,-0.625923472184059,0.7798844830928818,12.0,15.40983606557377,9.906740624907421,-0.08427524058020262,0.16393442622950818,0.0,17.0,61.0,5241.044399356695,28.587514905581973,0.0
314.0,720.0,-0.625923472184059,0.7798844830928818,3.0,10.513157894736842,9.872201030448862,0.9885253814466598,0.34210526315789475,0.0,4.0,76.0,1424.277879734901,7.121389398674505,0.0
256.0,720.0,-0.608761429008721,0.7933533402912349,0.0,16.692307692307693,13.113613685987758,0.6632001375048622,0.13846153846153847,0.0,8.0,65.0,6589.539103633552,32.94769551816776,0.0
383.0,660.0,-0.608761429008721,0.7933533402912349,40.0,14.728395061728396,11.121120320240204,0.34148857828287427,0.2222222222222222,0.0,2.0,81.0,3770.7574984853873,20.567768173556658,0.0
50.0,660.0,-0.608761429008721,0.7933533402912349,0.0,10.630434782608695,9.660224805315089,-1.2867910620218888,0.30434782608695654,112.0,12.0,46.0,3092.7694598952035,16.86965159942838,0.0
295.0,660.0,-0.608761429008721,0.7933533402912349,25.0,20.510204081632654,13.987052976905423,0.4488709599513292,0.16326530612244897,0.0,0.0,49.0,3246.739261357341,17.70948688013095,0.0
317.0,660.0,-0.591309648363583,0.8064446042674821,44.0,19.36,13.43392719944544,-0.6697832615104757,0.2,0.0,4.0,50.0,2554.4760267035745,13.933505600201315,0.0
53.0,660.0,-0.591309648363583,0.8064446042674821,5.0,8.185185185185185,9.412509552548544,-2.9633251411953796,0.4074074074074074,0.0,268.0,27.0,5004.523285069688,27.297399736743756,0.0
438.0,660.0,-0.591309648363583,0.8064446042674821,8.0,17.827272727272728,13.271198542098661,0.7862962744639108,0.22727272727272727,0.0,2.0,110.0,4266.34269885447,23.270960175569837,0.0
309.0,660.0,-0.591309648363583,0.8064446042674821,4.0,23.142857142857142,18.299609168854907,1.8487033796845418,0.14285714285714285,0.0,11.0,77.0,6684.199179861924,36.45926825379231,0.0
329.0,900.0,-0.5735764363510465,0.8191520442889916,29.0,24.430555555555557,17.512556121639705,-2.2634363684551406,0.1388888888888889,0.0,9.0,72.0,5567.579659711837,22.27031863884735,0.0
13.0,720.0,-0.5735764363510465,0.8191520442889916,5.0,5.333333333333333,0.4714045207910317,-0.08875739644970429,0.0,0.0,568.0,3.0,7572.248663455676,37.86124331727839,0.0
304.0,720.0,-0.555570233019603,0.8314696123025447,14.0,17.375,12.207053402757676,-0.6749088035430271,0.18055555555555555,0.0,7.0,72.0,4373.422644292126,21.867113221460635,0.0
124.0,720.0,-0.555570233019603,0.8314696123025447,0.0,0.0,0.0,0.0,0.0,0.0,0.0,0.0,-1.0,-1.0,1.0
260.0,720.0,-0.537299608346825,0.8433914458128849,36.0,28.11111111111111,18.986674989594512,3.2083747360576327,0.13580246913580246,0.0,5.0,81.0,134.9628533877111,0.6748142669385555,0.0
292.0,660.0,-0.537299608346825,0.8433914458128849,0.0,0.0,0.0,0.0,0.0,0.0,0.0,0.0,-1.0,-1.0,1.0
270.0,780.0,-0.5187732581605214,0.8549118706729466,20.0,20.0,0.0,0.0,0.0,0.0,10.0,1.0,7248.06254302786,33.452596352436274,0.0
45.0,660.0,-0.5187732581605214,0.8549118706729466,0.0,26.746987951807228,19.97639774411744,-4.298817754783084,0.1686746987951807,32.0,7.0,83.0,2656.0193594175303,14.487378324095621,0.0
351.0,660.0,-0.5000000000000004,0.8660254037844384,0.0,24.0,12.928799099446405,-4.182582051628162,0.07692307692307693,0.0,0.0,26.0,5972.078012063297,32.57497097489071,0.0
197.0,660.0,-0.5000000000000004,0.8660254037844384,19.0,15.6,14.612074708018955,1.6655469319576581,0.36363636363636365,0.0,12.0,55.0,1648.6250172935197,8.99250009432829,0.0
399.0,660.0,-0.48098876891938774,0.8767267557075077,8.0,23.541666666666668,13.361883495808348,-1.398740517582254,0.08333333333333333,0.0,6.0,48.0,4962.62555881148,27.068866684426258,0.0
282.0,720.0,-0.48098876891938774,0.8767267557075077,0.0,17.083333333333332,14.033937041646187,-1.0727297721345288,0.2916666666666667,30.0,12.0,48.0,2455.9523151477424,12.279761575738712,0.0
299.0,660.0,-0.46174861323503363,0.8870108331782218,8.0,11.130434782608695,10.909925069786473,-0.26042446906433103,0.3695652173913043,0.0,12.0,46.0,2260.3659858325277,12.32926901363197,0.0
346.0,840.0,-0.4422886902190014,0.8968727415326883,0.0,0.375,1.2587195875174104,-0.18346348830132342,0.925,510.0,14.0,40.0,34.18340845551932,0.14650032195222565,0.0
229.0,660.0,-0.4422886902190014,0.8968727415326883,35.0,12.436363636363636,11.37103758976148,1.113466372617842,0.2727272727272727,0.0,0.0,55.0,2513.756905687196,13.711401303748344,0.0
346.0,660.0,-0.4226182617407,0.9063077870366497,0.0,0.0,0.0,0.0,1.0,584.0,14.0,40.0,291.3731423779477,1.5893080493342604,0.0
606.0,660.0,-0.4226182617407,0.9063077870366497,2.0,15.521739130434783,13.275900248578548,-1.6959929497047277,0.21739130434782608,0.0,2.0,46.0,1572.885190356787,8.579373765582474,0.0
104.0,660.0,-0.4226182617407,0.9063077870366497,23.0,17.87272727272727,13.18960271709162,1.2764059053686871,0.18181818181818182,0.0,2.0,55.0,3667.167789023651,20.002733394674458,0.0
-22.0,720.0,-0.40274668985873663,0.9153114791194474,17.0,23.5,12.09656658217211,-0.1796787461807125,0.11538461538461539,0.0,4.0,52.0,1440.8557644936097,7.204278822468049,0.0
346.0,660.0,-0.40274668985873663,0.9153114791194474,0.0,0.0,0.0,0.0,1.0,584.0,14.0,42.0,1488.205388382478,8.117483936631698,0.0
-3.0,660.0,-0.38268343236508956,0.9238795325112868,17.0,0.6904761904761905,2.8072024308069317,0.3955282166476189,0.9047619047619048,0.0,14.0,42.0,2117.339559010123,11.549124867327945,0.0
100.0,720.0,-0.36243803828370186,0.9320078692827984,22.0,6.826086956521739,7.3994839650451505,1.5956668482283196,0.41304347826086957,0.0,14.0,46.0,2800.179147383273,14.000895736916366,0.0
260.0,660.0,-0.3420201433256686,0.9396926207859084,1.0,10.333333333333334,6.841816828616494,-0.32740786648503045,0.17647058823529413,0.0,14.0,51.0,3270.736922948932,17.840383216085083,0.0
-54.0,720.0,-0.32143946530316186,0.9469301294951056,0.0,0.0,0.0,0.0,0.0,0.0,4.0,0.0,-1.0,-1.0,1.0
359.0,720.0,-0.32143946530316186,0.9469301294951056,38.0,13.076923076923077,11.258921511826408,1.5824753844926298,0.23076923076923078,0.0,0.0,52.0,1410.3872117441624,7.051936058720812,0.0
211.0,720.0,-0.30070579950427384,0.9537169507482267,0.0,0.0,0.0,0.0,1.0,599.0,1.0,41.0,52.85616152588403,0.2642808076294202,0.0
-54.0,660.0,-0.30070579950427384,0.9537169507482267,0.0,0.0,0.0,0.0,0.0,0.0,4.0,0.0,-1.0,-1.0,1.0
376.0,780.0,-0.30070579950427384,0.9537169507482267,18.0,15.527272727272727,12.831572631534574,0.3000925148973358,0.21818181818181817,0.0,8.0,55.0,2213.6753898705283,10.216963337863977,0.0
-54.0,720.0,-0.2798290140309924,0.9600498543859286,0.0,0.0,0.0,0.0,0.0,0.0,4.0,0.0,-1.0,-1.0,1.0
432.0,660.0,-0.2798290140309924,0.9600498543859286,15.0,17.705882352941178,11.499862092347975,0.2796275634455077,0.13725490196078433,0.0,8.0,51.0,3293.3959678996525,17.96397800672538,0.0
211.0,720.0,-0.2798290140309924,0.9600498543859286,0.0,0.0,0.0,0.0,1.0,584.0,1.0,41.0,1003.109675972092,5.01554837986046,0.0
541.0,660.0,-0.25881904510252157,0.9659258262890681,28.0,15.081632653061224,10.044465903851117,-1.8216512711925554,0.16326530612244897,0.0,8.0,49.0,2949.58339671275,16.08863670934227,0.0
211.0,720.0,-0.25881904510252157,0.9659258262890681,0.0,0.0,0.0,0.0,1.0,584.0,1.0,41.0,986.7821301866318,4.933910650933159,0.0
-208.0,660.0,-0.25881904510252157,0.9659258262890681,0.0,0.0,0.0,0.0,0.0,0.0,4.0,0.0,-1.0,-1.0,1.0
35.0,720.0,-0.25881904510252157,0.9659258262890681,23.0,24.655913978494624,17.413685523733395,-2.160109520767984,0.1827956989247312,0.0,9.0,93.0,4760.533955952086,23.802669779760432,0.0
68.0,660.0,-0.23768589232617435,0.9713420698132611,0.0,0.0,0.0,0.0,0.0,0.0,4.0,0.0,-1.0,-1.0,1.0
198.0,660.0,-0.23768589232617435,0.9713420698132611,0.0,1.0416666666666667,2.6922599965250176,0.2863607872805011,0.8541666666666666,90.0,1.0,48.0,1364.670191396697,7.4436555894365295,0.0
74.0,720.0,-0.23768589232617435,0.9713420698132611,38.0,23.134831460674157,13.300495058147995,1.077337492950007,0.11235955056179775,0.0,9.0,89.0,2652.399251734195,13.261996258670974,0.0
85.0,660.0,-0.21643961393810288,0.9762960071199334,28.0,14.0,11.422372268285345,2.4754242329811045,0.11764705882352941,0.0,12.0,17.0,5658.602614350484,30.86510516918446,0.0
0.0,900.0,-0.21643961393810288,0.9762960071199334,0.0,0.0,0.0,0.0,1.0,586.0,5.0,46.0,16.336931990004587,0.06534772796001835,0.0
189.0,660.0,-0.21643961393810288,0.9762960071199334,0.0,8.06060606060606,10.402328975644782,2.15285121142481,0.48484848484848486,0.0,1.0,66.0,3412.9795269509214,18.616251965186844,0.0
21.0,720.0,-0.21643961393810288,0.9762960071199334,33.0,27.7816091954023,16.217221786359133,1.4162679522311388,0.13793103448275862,0.0,3.0,87.0,784.6487351565103,3.9232436757825515,0.0
142.0,660.0,-0.19509032201612872,0.9807852804032303,4.0,13.686746987951807,11.460700488319763,0.2072869566042057,0.24096385542168675,0.0,3.0,83.0,3776.101300942524,20.596916186959223,0.0
104.0,660.0,-0.19509032201612872,0.9807852804032303,39.0,22.38095238095238,14.991985765341715,4.032240743881051,0.047619047619047616,0.0,0.0,42.0,5388.7614897815565,29.393244489717578,0.0
21.0,660.0,-0.19509032201612872,0.9807852804032303,0.0,18.435294117647057,18.867617486566157,-3.603031977041514,0.32941176470588235,30.0,7.0,85.0,2681.744006918408,14.62769458319132,0.0
0.0,660.0,-0.19509032201612872,0.9807852804032303,0.0,0.0,0.0,0.0,1.0,586.0,5.0,45.0,117.12503952064189,0.638863851930774,0.0
0.0,660.0,-0.1736481776669304,0.984807753012208,0.0,0.0,0.0,0.0,1.0,590.0,1.0,46.0,1400.5622950127913,7.639430700069771,0.0
103.0,660.0,-0.1736481776669304,0.984807753012208,4.0,26.58823529411765,14.59542833418609,0.67164873311091,0.0,0.0,4.0,51.0,5491.79481548833,29.95524444811816,0.0
58.0,660.0,-0.1736481776669304,0.984807753012208,18.0,15.34375,11.817032309516915,-0.27958562067764514,0.20833333333333334,0.0,5.0,96.0,1833.5115317148461,10.00097199117189,0.0
177.0,660.0,-0.1736481776669304,0.984807753012208,23.0,5.225806451612903,7.788368819320565,-0.667930856427821,0.5806451612903226,0.0,7.0,62.0,5927.225207563947,32.33031931398517,0.0
51.0,660.0,-0.1521233861899172,0.9883615104677607,0.0,18.65934065934066,13.099970455649748,0.9368163776176965,0.17582417582417584,0.0,6.0,91.0,1643.1214641472827,8.962480713530633,0.0
60.0,660.0,-0.1521233861899172,0.9883615104677607,0.0,0.0,0.0,0.0,1.0,588.0,3.0,50.0,1957.463196412654,10.67707198043266,0.0
49.0,660.0,-0.1521233861899172,0.9883615104677607,17.0,28.294117647058822,13.94005952338694,1.1359340234257043,0.0,0.0,6.0,51.0,4913.324438689261,26.799951483759607,0.0
174.0,660.0,-0.1521233861899172,0.9883615104677607,12.0,8.830769230769231,11.176306298827315,2.0173774343822544,0.46153846153846156,0.0,1.0,65.0,6653.395724619393,36.291249407014874,0.0
219.0,660.0,-0.13052619222005168,0.9914448613738104,52.0,19.72222222222222,16.7372025923475,2.4395766487708896,0.2,0.0,6.0,90.0,5372.85369032751,29.306474674513687,0.0
16.0,660.0,-0.13052619222005168,0.9914448613738104,22.0,18.21518987341772,12.72560549013407,-0.9553603523803885,0.1518987341772152,0.0,9.0,79.0,3284.13792173986,17.91347957312651,0.0
92.0,660.0,-0.13052619222005168,0.9914448613738104,22.0,5.373626373626373,6.6756048442240425,1.6066018751136837,0.5054945054945055,0.0,3.0,91.0,1728.8488750136578,9.43008477280177,0.0
96.0,720.0,-0.10886687485196514,0.9940563382223195,23.0,16.026666666666667,13.506515300237716,0.7982529220127138,0.2,0.0,5.0,75.0,3157.546619617981,15.787733098089904,0.0
3.0,660.0,-0.10886687485196514,0.9940563382223195,14.0,11.807692307692308,9.334053578859388,1.6356607993838383,0.2076923076923077,0.0,3.0,130.0,1857.9105156166233,10.134057357908855,0.0
268.0,660.0,-0.10886687485196514,0.9940563382223195,32.0,27.39,16.275684317410434,-0.4246116124611632,0.11,0.0,1.0,100.0,4394.87089459616,23.9720230614336,0.0
606.0,840.0,-0.08715574274765743,0.9961946980917455,0.0,0.1282051282051282,0.7903094875601251,-0.07589821070172963,0.9743589743589743,570.0,8.0,39.0,11.054929511499177,0.047378269334996476,0.0
235.0,660.0,-0.08715574274765743,0.9961946980917455,0.0,22.08080808080808,15.546396358997342,-2.112812514512438,0.15151515151515152,0.0,13.0,99.0,5255.863605244707,28.668346937698402,0.0
58.0,780.0,-0.08715574274765743,0.9961946980917455,8.0,14.264705882352942,9.211753437000095,-0.16478468363649315,0.15441176470588236,0.0,1.0,136.0,5197.611621947126,23.98897671667904,0.0
29.0,660.0,-0.08715574274765743,0.9961946980917455,19.0,16.506666666666668,12.912395422831333,-0.049945636447863026,0.17333333333333334,0.0,9.0,75.0,1596.6408901398154,8.708950309853538,0.0
31.0,660.0,-0.0654031292301428,0.9978589232386035,33.0,12.691275167785236,9.52206855935804,0.41682189739235403,0.20134228187919462,0.0,1.0,149.0,5149.206109731762,28.086578780355065,0.0
163.0,660.0,-0.0654031292301428,0.9978589232386035,55.0,22.97087378640777,16.799477748863374,2.308597229428533,0.14563106796116504,0.0,5.0,103.0,2477.7715777174944,13.515117696640878,0.0
606.0,660.0,-0.0654031292301428,0.9978589232386035,0.0,0.1794871794871795,0.6353595740186598,0.0862457117981183,0.9230769230769231,14.0,12.0,39.0,285.9090093404261,1.5595036873114152,0.0
194.0,660.0,-0.043619387365336194,0.9990482215818578,19.0,21.80701754385965,17.690753454039825,-2.393555495067678,0.23684210526315788,0.0,9.0,114.0,484.9736002717991,2.645310546937086,0.0
121.0,720.0,-0.043619387365336194,0.9990482215818578,16.0,12.791666666666666,10.578985327315449,0.14646496346613672,0.2777777777777778,0.0,9.0,72.0,1048.0682578790888,5.240341289395444,0.0
606.0,660.0,-0.043619387365336194,0.9990482215818578,0.0,0.175,0.6279928343540235,-0.019322315837875123,0.925,314.0,12.0,40.0,1511.6210719310095,8.245205846896415,0.0
234.0,660.0,-0.043619387365336194,0.9990482215818578,0.0,0.0,0.0,0.0,1.0,587.0,5.0,40.0,29.772972263311022,0.16239803052715104,0.0
204.0,660.0,-0.043619387365336194,0.9990482215818578,5.0,12.986754966887418,11.923590482717923,-0.23969168931740895,0.2980132450331126,0.0,5.0,151.0,6635.389630150681,36.19303434627644,0.0
32.0,660.0,-0.0218148850345609,0.9997620270799091,0.0,0.0,0.0,0.0,1.0,584.0,12.0,40.0,2210.2186613728995,12.05573815294309,0.0
108.0,720.0,-0.0218148850345609,0.9997620270799091,14.0,14.741935483870968,9.896130693635524,0.6859365281465765,0.1935483870967742,0.0,9.0,93.0,974.7603835881314,4.873801917940657,0.0
170.0,660.0,-0.0218148850345609,0.9997620270799091,42.0,23.657342657342657,20.063223459750247,2.926965593673546,0.26573426573426573,0.0,3.0,143.0,6936.393141904913,37.834871683117704,0.0
346.0,720.0,-0.0218148850345609,0.9997620270799091,0.0,16.882882882882882,15.354512638167742,-0.09995824097315863,0.2972972972972973,43.0,6.0,111.0,4139.8573683393315,20.699286841696658,0.0
234.0,660.0,-0.0218148850345609,0.9997620270799091,0.0,0.3170731707317073,1.1569308512811143,0.03524336904992735,0.926829268292683,209.0,6.0,41.0,1021.7761889646557,5.573324667079941,0.0
206.0,840.0,0.0,1.0,44.0,28.664473684210527,19.508076626627243,-0.6459617998419155,0.16447368421052633,0.0,1.0,152.0,9193.490671383868,39.40067430593086,0.0
234.0,660.0,0.0,1.0,0.0,0.3170731707317073,1.1569308512811143,-0.14759482351754954,0.926829268292683,510.0,5.0,41.0,1975.0201035113275,10.772836928243605,0.0
108.0,720.0,0.0,1.0,0.0,11.725274725274724,10.054866990629526,-1.883848537905701,0.32967032967032966,212.0,15.0,91.0,994.005121945575,4.970025609727875,0.0
0.0,660.0,0.0,1.0,0.0,0.0,0.0,0.0,0.0,0.0,8.047175884246826,0.0,-1.0,-1.0,1.0
327.0,660.0,0.0,1.0,18.0,13.9125,15.06004129310408,-2.3496326949625708,0.4125,0.0,6.0,80.0,5437.339990353993,29.658218129203597,0.0
194.0,780.0,0.02181488503456112,0.9997620270799091,11.0,22.56,18.10837007205968,-0.5584612368279022,0.22,0.0,5.0,150.0,9242.826311723413,42.65919836180037,0.0
0.0,660.0,0.02181488503456112,0.9997620270799091,0.0,0.0,0.0,0.0,0.0,0.0,8.0,0.0,-1.0,-1.0,1.0
306.0,660.0,0.02181488503456112,0.9997620270799091,39.0,12.363636363636363,14.721579787923037,2.2315211296343382,0.42857142857142855,0.0,5.0,77.0,5186.531945119157,28.290174246104492,0.0
-19.0,660.0,0.02181488503456112,0.9997620270799091,2.0,8.820512820512821,10.173801938845736,0.8479430096320443,0.48717948717948717,0.0,3.0,78.0,1819.6294498267944,9.925251544509788,0.0
176.0,660.0,0.02181488503456112,0.9997620270799091,5.0,2.8181818181818183,7.952337355865104,1.1551052010348613,0.7727272727272727,0.0,1.0,44.0,1896.815417514155,10.346265913713573,0.0
182.0,840.0,0.043619387365336,0.9990482215818578,16.0,25.87313432835821,18.9462797678504,0.4645537270316912,0.208955223880597,0.0,1.0,134.0,9347.81607621343,40.06206889805756,0.0
82.0,660.0,0.043619387365336,0.9990482215818578,24.0,11.945454545454545,13.82542872170129,2.5336522751214465,0.43636363636363634,0.0,1.0,55.0,881.7786281960944,4.809701608342333,0.0
4.0,660.0,0.043619387365336,0.9990482215818578,27.0,14.542553191489361,11.172406066331481,0.9525890208524029,0.23404255319148937,0.0,11.0,94.0,2919.484531313929,15.924461079894158,0.0
0.0,720.0,0.043619387365336,0.9990482215818578,0.0,0.0,0.0,0.0,0.0,0.0,8.0,0.0,-1.0,-1.0,1.0
181.0,660.0,0.043619387365336,0.9990482215818578,45.0,18.92079207920792,15.265104948069661,0.6357133305591877,0.22772277227722773,0.0,19.0,101.0,6454.142943047358,35.20441605298559,0.0
-32.0,720.0,0.06540312923014306,0.9978589232386035,0.0,18.862068965517242,14.503802445378044,0.5711962776067505,0.25862068965517243,0.0,11.0,58.0,1940.6907609991447,9.703453804995723,0.0
44.0,660.0,0.06540312923014306,0.9978589232386035,16.0,14.284090909090908,10.977196263614738,-1.12006020555116,0.22727272727272727,0.0,3.0,88.0,3244.2898117844657,17.696126246097084,0.0
113.0,720.0,0.06540312923014306,0.9978589232386035,57.0,32.510791366906474,19.39011351827101,0.792738920714985,0.17985611510791366,0.0,5.0,139.0,7739.715812241913,38.69857906120957,0.0
0.0,660.0,0.06540312923014306,0.9978589232386035,46.0,24.952380952380953,14.688758871606838,5.7600893145284395,0.09523809523809523,0.0,2.0,21.0,4491.365855180413,24.49835921007498,0.0
200.0,720.0,0.06540312923014306,0.9978589232386035,4.0,26.15625,16.278390663826897,1.1950156049518075,0.15625,0.0,3.0,96.0,6789.517085913164,33.94758542956582,0.0
3.0,660.0,0.08715574274765817,0.9961946980917455,15.0,12.641975308641975,11.249481350980453,0.7659283314278144,0.2716049382716049,0.0,3.0,81.0,1480.0102552814164,8.072783210625909,0.0
71.0,660.0,0.08715574274765817,0.9961946980917455,0.0,14.596491228070175,13.726475441255731,-1.872714563156991,0.3333333333333333,0.0,10.0,57.0,1872.7681384178265,10.215098936824509,0.0
0.0,660.0,0.08715574274765817,0.9961946980917455,43.0,27.108695652173914,12.806635951163493,1.241711289160922,0.043478260869565216,0.0,2.0,46.0,3070.9632343864873,16.750708551199022,0.0
93.0,780.0,0.08715574274765817,0.9961946980917455,4.0,33.34013605442177,19.926223312301136,0.3439476736703212,0.17687074829931973,0.0,1.0,147.0,6520.9707819600135,30.09678822443083,0.0
55.0,720.0,0.10886687485196457,0.9940563382223196,27.0,13.403225806451612,11.35988936426611,1.9085108278262823,0.2903225806451613,0.0,11.0,62.0,1604.3304684409497,8.02165234220475,0.0
181.0,900.0,0.10886687485196457,0.9940563382223196,21.0,27.84722222222222,19.372202107818637,-1.158779447496959,0.1597222222222222,0.0,1.0,144.0,4318.964395001549,17.275857580006196,0.0
0.0,660.0,0.10886687485196457,0.9940563382223196,0.0,28.125,12.826770508068922,-0.8366809651525088,0.020833333333333332,0.0,2.0,48.0,2176.51211150711,11.871884244584237,0.0
51.0,660.0,0.10886687485196457,0.9940563382223196,21.0,16.313953488372093,13.313100409351105,0.7359990146103185,0.20930232558139536,0.0,5.0,86.0,1687.1225546837604,9.20248666191142,0.0
434.0,660.0,0.13052619222005157,0.9914448613738104,58.0,19.92,23.438293453235882,16.35236050552223,0.48,0.0,412.0,25.0,10026.054215704888,54.687568449299384,0.0
-41.0,660.0,0.13052619222005157,0.9914448613738104,22.0,16.42528735632184,12.945182553915876,-0.31628411725889394,0.22988505747126436,0.0,5.0,87.0,3196.9142838429484,17.43771427550699,0.0
163.0,660.0,0.13052619222005157,0.9914448613738104,23.0,24.92753623188406,16.980226215679338,2.055015770020302,0.12318840579710146,0.0,1.0,138.0,2199.1157385721717,11.99517675584821,0.0
163.0,660.0,0.15212338618991672,0.9883615104677607,18.0,27.10909090909091,14.803774367950561,0.8408115077310316,0.08181818181818182,0.0,77.0,110.0,1948.6763366619305,10.629143654519622,0.0
434.0,660.0,0.15212338618991672,0.9883615104677607,0.0,0.0,0.0,0.0,0.0,0.0,5.0,0.0,-1.0,-1.0,1.0
57.0,720.0,0.15212338618991672,0.9883615104677607,19.0,17.075949367088608,12.84944184563173,1.3407492580498772,0.21518987341772153,0.0,3.0,79.0,2938.4690956186723,14.692345478093364,0.0
21.0,660.0,0.17364817766693033,0.984807753012208,0.0,16.357142857142858,12.648021544083162,-0.7940327565737264,0.18571428571428572,0.0,2.0,70.0,1569.69983955218,8.561999124830074,0.0
0.0,660.0,0.17364817766693033,0.984807753012208,99.0,55.02150537634409,39.09843615238081,8.426082707492421,0.12903225806451613,0.0,3.0,93.0,15657.722400239292,85.40575854675978,0.0
434.0,900.0,0.19509032201612825,0.9807852804032304,0.0,0.0,0.0,0.0,0.0,0.0,0.0,0.0,-1.0,-1.0,1.0
0.0,660.0,0.19509032201612825,0.9807852804032304,99.0,86.17241379310344,32.01811875573519,2.9508182325199535,0.11206896551724138,0.0,3.0,116.0,13187.021832299088,71.92920999435866,0.0
434.0,720.0,0.21643961393810288,0.9762960071199334,0.0,0.0,0.0,0.0,0.0,0.0,5.0,0.0,-1.0,-1.0,1.0
0.0,660.0,0.21643961393810288,0.9762960071199334,81.0,88.22857142857143,30.713036519447208,-0.9675944829300089,0.10714285714285714,0.0,1.0,140.0,11380.156927330872,62.073583239986576,0.0
434.0,660.0,0.23768589232617307,0.9713420698132614,0.0,0.0,0.0,0.0,0.0,0.0,5.0,0.0,-1.0,-1.0,1.0
0.0,720.0,0.23768589232617307,0.9713420698132614,97.0,74.02898550724638,35.4991206318899,-2.9636984541306073,0.14492753623188406,0.0,1.0,138.0,12717.29235406821,63.58646177034105,0.0
0.0,660.0,0.25881904510252074,0.9659258262890683,0.0,0.0,0.0,0.0,0.0,0.0,1.0,0.0,-1.0,-1.0,1.0
-159.0,660.0,0.25881904510252074,0.9659258262890683,22.0,12.722222222222221,10.193346898229958,1.2761717937686579,0.2777777777777778,0.0,7.0,54.0,2454.9271532777184,13.390511745151192,0.0
180.0,660.0,0.25881904510252074,0.9659258262890683,0.0,10.025974025974026,9.27358212073278,-1.977229285172222,0.38961038961038963,178.0,3.0,77.0,70.76314545378122,0.3859807933842612,0.0
180.0,660.0,0.27982901403099203,0.9600498543859287,0.0,3.9272727272727272,6.814035102651389,-1.3591933098321416,0.7090909090909091,478.0,3.0,55.0,1061.5222561315823,5.790121397081358,0.0
-207.0,660.0,0.27982901403099203,0.9600498543859287,0.0,15.339622641509434,11.03842926381818,-0.5936497199517492,0.22641509433962265,0.0,7.0,53.0,1013.8717657554555,5.530209631393394,0.0
0.0,660.0,0.27982901403099203,0.9600498543859287,0.0,0.0,0.0,0.0,0.0,0.0,5.0,0.0,-1.0,-1.0,1.0
180.0,660.0,0.3007057995042732,0.9537169507482269,0.0,0.0,0.0,0.0,1.0,584.0,3.0,40.0,1001.0951903600596,5.4605192201457795,0.0
-68.0,660.0,0.3007057995042732,0.9537169507482269,3.0,14.03921568627451,11.82214735199587,0.1664235013798308,0.27450980392156865,0.0,7.0,51.0,1419.3908989037443,7.742132175838606,0.0
0.0,660.0,0.3007057995042732,0.9537169507482269,0.0,0.0,0.0,0.0,0.0,0.0,5.0,0.0,-1.0,-1.0,1.0
26.0,720.0,0.3214394653031616,0.9469301294951057,19.0,6.868852459016393,8.825216125781639,1.8401155604984392,0.47540983606557374,0.0,3.0,61.0,2347.0338887812873,11.735169443906436,0.0
49.0,660.0,0.3214394653031616,0.9469301294951057,19.0,10.911111111111111,11.609999946831701,-0.7131046167693689,0.4,0.0,7.0,45.0,2198.2294571123307,11.990342493339986,0.0
0.0,660.0,0.3214394653031616,0.9469301294951057,0.0,0.0,0.0,0.0,0.0,0.0,2.0,0.0,-1.0,-1.0,1.0
0.0,660.0,0.3420201433256687,0.9396926207859084,0.0,0.0,0.0,0.0,0.0,0.0,5.0,0.0,-1.0,-1.0,1.0
0.0,900.0,0.3420201433256687,0.9396926207859084,0.0,0.0,0.0,0.0,0.0,0.0,10.0,0.0,-1.0,-1.0,1.0
96.0,660.0,0.3420201433256687,0.9396926207859084,0.0,2.1346153846153846,4.01932278142746,0.6588108754100023,0.7692307692307693,30.0,15.0,52.0,80.35037211244308,0.4382747569769623,0.0
19.0,660.0,0.3420201433256687,0.9396926207859084,26.0,13.291666666666666,12.051898766953235,1.0519944158589418,0.3333333333333333,0.0,7.0,48.0,924.6850694157323,5.0437367422676305,0.0
20.0,720.0,0.3420201433256687,0.9396926207859084,13.0,14.779069767441861,10.298341662381011,1.4309069773092826,0.13953488372093023,0.0,3.0,86.0,3395.942408341089,16.979712041705444,0.0
90.0,660.0,0.36243803828370164,0.9320078692827986,16.0,13.785714285714286,11.830219001888894,-1.2132924771969307,0.30357142857142855,0.0,7.0,56.0,1419.4321584914683,7.742357228135282,0.0
0.0,660.0,0.36243803828370164,0.9320078692827986,0.0,0.0,0.0,0.0,0.0,0.0,5.0,0.0,-1.0,-1.0,1.0
96.0,660.0,0.36243803828370164,0.9320078692827986,0.0,2.22,4.075733062898011,-0.41118867771244016,0.76,330.0,15.0,50.0,930.0439733740393,5.07296712749476,0.0
0.0,720.0,0.36243803828370164,0.9320078692827986,0.0,0.0,0.0,0.0,0.0,0.0,10.0,0.0,-1.0,-1.0,1.0
0.0,720.0,0.3826834323650898,0.9238795325112867,0.0,0.0,0.0,0.0,0.0,0.0,10.0,0.0,-1.0,-1.0,1.0
0.0,660.0,0.3826834323650898,0.9238795325112867,0.0,0.0,0.0,0.0,0.0,0.0,5.0,0.0,-1.0,-1.0,1.0
0.0,720.0,0.40274668985873724,0.9153114791194471,0.0,0.0,0.0,0.0,0.0,0.0,10.0,0.0,-1.0,-1.0,1.0
0.0,660.0,0.40274668985873724,0.9153114791194471,0.0,0.0,0.0,0.0,0.0,0.0,5.0,0.0,-1.0,-1.0,1.0
0.0,660.0,0.4226182617406994,0.9063077870366499,0.0,0.0,0.0,0.0,0.0,0.0,10.0,0.0,-1.0,-1.0,1.0
0.0,660.0,0.4226182617406994,0.9063077870366499,0.0,19.05,21.509242199575514,-9.737500043106271,0.4,0.0,0.0,20.0,4743.162263000338,25.871794161820024,0.0
0.0,660.0,0.44228869021900125,0.8968727415326884,2.0,18.96,19.61016063167255,-2.10910814665491,0.18,0.0,1.0,50.0,6232.042466786829,33.99295890974634,0.0
0.0,720.0,0.44228869021900125,0.8968727415326884,0.0,0.0,0.0,0.0,0.0,0.0,10.0,0.0,-1.0,-1.0,1.0
0.0,660.0,0.46174861323503397,0.8870108331782217,13.0,14.986842105263158,15.478757447966034,-1.1251445693753332,0.2236842105263158,0.0,8.0,76.0,7119.01411466052,38.83098607996648,0.0
0.0,780.0,0.46174861323503397,0.8870108331782217,0.0,0.0,0.0,0.0,0.0,0.0,9.0,0.0,-1.0,-1.0,1.0
0.0,660.0,0.48098876891938763,0.8767267557075077,0.0,0.0,0.0,0.0,0.0,0.0,9.0,0.0,-1.0,-1.0,1.0
0.0,720.0,0.48098876891938763,0.8767267557075077,57.0,16.073170731707318,15.872802700097312,1.5558213382458361,0.2804878048780488,0.0,2.0,82.0,8993.871360282737,44.96935680141369,0.0
0.0,720.0,0.49999999999999994,0.8660254037844387,26.0,26.415841584158414,20.672968587803982,1.805349349274974,0.22772277227722773,0.0,1.0,101.0,9119.25870938001,45.59629354690005,0.0
19.0,660.0,0.49999999999999994,0.8660254037844387,19.0,24.102040816326532,14.233827052826046,-1.0493423437687275,0.08163265306122448,0.0,3.0,98.0,990.143334485036,5.4007818244638335,0.0
0.0,900.0,0.5187732581605214,0.8549118706729466,0.0,0.0,0.0,0.0,1.0,586.0,1.0,49.0,21.78375483333496,0.08713501933333984,0.0
-13.0,720.0,0.5187732581605214,0.8549118706729466,7.0,23.135135135135137,12.03484916195911,-0.4663226302600453,0.06306306306306306,0.0,3.0,111.0,2762.9315658181536,13.814657829090768,0.0
0.0,720.0,0.5187732581605214,0.8549118706729466,0.0,29.065040650406505,20.448523447359452,-0.4868620077385594,0.22764227642276422,0.0,2.0,123.0,6615.75802316254,33.0787901158127,0.0
168.0,660.0,0.5372996083468238,0.8433914458128857,0.0,14.702380952380953,12.958523359719623,-3.090037702566498,0.35714285714285715,270.0,18.0,84.0,4147.663043183987,22.623616599185382,0.0
0.0,660.0,0.5372996083468238,0.8433914458128857,0.0,0.0,0.0,0.0,1.0,586.0,1.0,44.0,121.02282145528572,0.6601244806651948,0.0
0.0,660.0,0.5555702330196022,0.8314696123025452,0.0,0.0,0.0,0.0,1.0,586.0,1.0,53.0,1405.7110517731767,7.667514827853692,0.0
127.0,720.0,0.5555702330196022,0.8314696123025452,35.0,11.422535211267606,11.393922239301048,2.8122745683354076,0.4225352112676056,0.0,2.0,71.0,4252.1705845159095,21.26085292257955,0.0
99.0,720.0,0.5735764363510462,0.8191520442889918,29.0,21.68235294117647,9.011380732105483,1.311748050218609,0.058823529411764705,0.0,5.0,85.0,4266.67567325144,21.3333783662572,0.0
0.0,660.0,0.5735764363510462,0.8191520442889918,0.0,0.0,0.0,0.0,1.0,586.0,1.0,53.0,2192.6114230842286,11.959698671368521,0.0
29.0,660.0,0.5913096483635824,0.8064446042674827,32.0,24.516129032258064,9.653806317378562,0.22372155112624753,0.06451612903225806,0.0,2.0,93.0,5189.467623862804,28.30618703925166,0.0
0.0,720.0,0.5913096483635824,0.8064446042674827,11.0,6.051282051282051,6.929863719933989,1.4680608966930477,0.46153846153846156,0.0,1.0,78.0,2010.5485476366462,10.05274273818323,0.0
147.0,660.0,0.6087614290087207,0.7933533402912352,31.0,20.119565217391305,12.42004200030036,-1.6550051046327006,0.15217391304347827,0.0,6.0,92.0,6168.098608489641,33.64417422812532,0.0
0.0,720.0,0.6087614290087207,0.7933533402912352,0.0,0.0,0.0,0.0,0.0,0.0,9.0,0.0,-1.0,-1.0,1.0
0.0,660.0,0.6259234721840591,0.7798844830928818,0.0,0.0,0.0,0.0,0.0,0.0,9.0,0.0,-1.0,-1.0,1.0
0.0,660.0,0.6427876096865393,0.766044443118978,0.0,0.0,0.0,0.0,0.0,0.0,9.0,0.0,-1.0,-1.0,1.0
0.0,720.0,0.6593458151000688,0.7518398074789774,0.0,0.0,0.0,0.0,0.0,0.0,9.0,0.0,-1.0,-1.0,1.0
74.0,660.0,0.6755902076156602,0.7372773368101241,0.0,12.333333333333334,14.91882798920306,-4.3370453070516195,0.49206349206349204,240.0,12.0,63.0,67.48559524395085,0.36810324678518647,0.0
74.0,660.0,0.6915130557822694,0.7223639620597556,0.0,0.1,0.4898979485566356,-0.05643613067519122,0.975,540.0,12.0,40.0,918.5069446080001,5.0100378796800005,0.0
